seed,period,log10_period,brent_evaluations,analytic_period_divisor,initial_collision_sites,mean_collision_sites_30,max_collision_sites_30,nonzero_collision_steps_30,mean_step_hamming_30,unique_density_frames_31,collision_t0,collision_t1,collision_t2,collision_t3,collision_t4,collision_t5,collision_t6,collision_t7,collision_t8,collision_t9,collision_t10,collision_t11,collision_t12,collision_t13,collision_t14,collision_t15,collision_t16,collision_t17,collision_t18,collision_t19,collision_t20,collision_t21,collision_t22,collision_t23,collision_t24,collision_t25,collision_t26,collision_t27,collision_t28,collision_t29,hamming_t0,hamming_t1,hamming_t2,hamming_t3,hamming_t4,hamming_t5,hamming_t6,hamming_t7,hamming_t8,hamming_t9,hamming_t10,hamming_t11,hamming_t12,hamming_t13,hamming_t14,hamming_t15,hamming_t16,hamming_t17,hamming_t18,hamming_t19,hamming_t20,hamming_t21,hamming_t22,hamming_t23,hamming_t24,hamming_t25,hamming_t26,hamming_t27,hamming_t28,hamming_t29
880000,30,1.477121254720,61,5,0,0.600000000000,2,14,25.266666666667,26,0,0,2,0,0,0,0,2,1,1,0,0,1,1,1,0,0,2,0,0,0,0,2,1,1,0,0,1,1,1,24,24,24,24,24,24,24,24,26,28,28,28,26,26,24,22,22,26,26,26,26,26,22,24,26,26,26,28,28,26
880001,1555,3.191730393363,3602,5,1,0.866666666667,3,20,24.933333333333,31,1,0,2,1,0,0,1,3,0,1,0,1,1,0,1,0,1,2,0,1,1,1,1,1,2,0,1,1,2,0,24,24,24,26,24,24,26,24,26,24,24,26,24,24,24,26,26,28,26,28,28,26,24,24,26,24,22,24,24,24
880002,6950,3.841984804590,15141,5,2,1.200000000000,2,25,25.533333333333,31,2,2,2,1,1,1,2,1,0,1,2,1,1,1,1,0,1,2,2,2,1,0,0,2,1,1,0,1,2,2,26,24,24,26,26,28,26,26,26,26,26,24,24,28,28,26,26,26,26,24,26,28,28,26,24,24,24,22,26,22
880003,60,1.778151250384,123,5,0,0.600000000000,2,17,24.800000000000,26,0,1,1,1,0,0,0,1,2,1,0,0,0,1,1,0,1,0,1,0,0,1,1,1,1,0,0,1,1,1,26,24,24,24,24,24,24,24,24,26,26,26,26,26,24,24,26,26,28,28,28,26,26,22,22,22,22,22,24,26
880004,2140,3.330413773349,6235,5,1,0.933333333333,2,18,26.066666666667,30,1,2,1,0,2,1,1,0,0,2,2,2,0,1,0,2,2,2,0,0,1,2,1,0,0,2,0,1,0,0,26,28,26,26,28,28,28,26,26,24,24,22,24,22,24,24,26,26,28,28,28,28,28,28,28,26,24,26,26,26
880005,430,2.633468455580,941,5,1,0.633333333333,2,15,24.200000000000,30,1,1,0,1,0,1,2,0,1,0,1,0,0,2,1,0,1,0,1,1,1,0,0,2,0,0,2,0,0,0,26,24,24,26,24,24,22,22,22,24,24,24,24,24,24,24,26,26,26,26,26,24,24,26,22,22,24,24,24,24
880006,15,1.176091259056,30,5,0,0.266666666667,1,8,24.666666666667,13,0,1,0,0,0,0,1,0,1,0,0,0,0,1,0,0,1,0,0,0,0,1,0,1,0,0,0,0,1,0,24,26,24,24,24,24,22,24,24,26,26,26,26,26,24,24,26,24,24,24,24,22,24,24,26,26,26,26,26,24
880007,85705,4.933006159252,216776,5,2,1.300000000000,3,23,25.133333333333,31,2,0,1,2,1,0,1,2,1,0,0,3,2,0,2,2,1,2,1,0,1,1,1,3,2,1,0,2,3,2,26,24,26,28,26,24,26,28,28,26,26,26,26,22,24,26,24,26,26,26,26,24,24,24,24,24,24,24,22,24
880008,11350,4.054995861529,27733,5,1,1.133333333333,3,21,25.600000000000,31,1,1,2,0,3,1,0,0,1,2,1,0,0,1,2,2,0,2,1,2,2,1,0,0,2,1,2,1,0,3,26,26,24,22,22,26,26,26,28,28,28,28,28,26,28,26,22,22,22,22,28,28,26,26,26,26,24,26,26,26
880009,195,2.290034611363,450,5,1,0.800000000000,3,15,18.733333333333,30,1,2,0,0,0,1,2,1,0,2,0,0,1,0,3,1,2,0,0,0,0,2,0,0,2,1,1,0,0,2,16,16,20,20,20,20,20,18,18,20,16,16,14,14,18,20,18,22,22,22,22,22,18,18,20,18,18,20,20,16
880010,2135,3.329397879361,6230,5,1,0.900000000000,2,20,27.466666666667,31,1,1,1,1,0,2,0,1,0,0,2,1,1,1,1,1,2,2,1,0,1,0,2,2,0,0,1,0,2,0,28,28,28,28,28,28,28,28,28,28,28,28,28,28,28,28,26,26,26,28,28,26,26,28,28,28,28,26,26,26
880011,2250,3.352182518111,6345,5,2,1.000000000000,3,20,26.133333333333,31,2,0,1,0,1,3,0,1,1,0,2,1,1,1,1,1,1,0,2,3,0,0,0,1,3,2,0,0,1,1,24,26,26,28,28,26,24,26,28,26,26,28,28,26,26,26,24,24,26,24,26,26,26,24,26,26,28,28,28,26
880012,4915,3.691523522168,13106,5,0,1.166666666667,4,21,25.133333333333,31,0,4,0,1,1,0,4,0,2,1,1,2,1,0,1,1,3,1,0,0,2,2,1,1,1,1,1,0,0,3,22,28,24,24,24,24,20,24,22,26,26,24,26,26,24,26,28,28,26,26,28,24,24,24,24,26,28,26,26,26
880013,2375,3.375663613961,6470,5,2,1.066666666667,3,24,26.533333333333,30,2,2,0,1,2,1,1,0,1,1,2,1,1,1,1,3,0,0,1,2,1,1,0,1,1,1,1,0,2,1,28,26,26,26,28,28,28,28,28,28,28,28,28,26,26,24,26,26,28,26,26,28,26,26,26,26,24,26,24,24
880014,2165,3.335457900689,6260,5,2,1.166666666667,3,23,23.800000000000,31,2,1,0,1,2,1,2,2,2,2,0,3,1,1,1,1,0,2,1,0,1,2,1,1,2,2,0,0,0,1,26,28,28,28,24,24,22,22,20,22,20,22,22,22,22,22,24,26,26,24,24,24,18,20,24,26,26,26,26,26
880015,37165,4.570134137139,102700,5,2,1.233333333333,3,23,25.333333333333,31,2,0,1,2,0,3,1,2,1,0,0,0,3,1,1,3,1,1,0,0,2,1,1,1,1,2,2,1,2,2,26,24,26,22,24,24,26,26,28,28,28,28,28,24,24,24,26,26,28,28,24,24,24,24,22,24,26,26,24,24
880016,40,1.602059991328,103,5,0,0.433333333333,2,10,24.600000000000,27,0,0,0,0,2,1,0,0,0,0,1,1,0,0,1,1,0,0,0,0,1,1,0,0,2,0,0,0,0,2,26,26,26,26,24,24,24,24,24,24,24,24,24,24,24,24,24,24,24,24,24,24,24,24,26,26,26,26,26,24
880017,3475,3.540954808926,7570,5,1,1.200000000000,3,27,24.400000000000,31,1,0,2,1,1,1,1,1,0,1,1,1,3,1,1,1,1,2,1,1,3,0,1,1,2,1,1,2,1,2,26,28,28,26,26,26,26,26,26,26,24,24,22,24,22,24,26,26,24,26,26,26,24,26,24,20,20,20,20,20
880018,2665,3.425697213363,6760,5,2,0.800000000000,3,18,26.133333333333,31,2,0,1,1,0,3,0,1,0,0,1,0,2,1,1,1,0,1,2,0,1,0,1,2,1,1,0,1,0,0,28,24,24,22,22,28,26,28,28,28,26,26,24,28,28,26,26,26,26,26,26,26,26,26,26,26,28,28,26,26
880019,10405,4.017242084548,26788,5,0,1.166666666667,3,21,25.800000000000,30,0,0,2,1,3,1,2,1,0,0,1,2,1,1,3,0,0,2,2,2,0,1,1,1,1,0,3,1,3,0,28,28,24,26,22,22,24,28,28,28,28,26,22,22,26,24,24,28,28,26,26,28,28,28,26,26,24,24,26,26
880020,125,2.096910013008,252,5,0,0.566666666667,2,14,23.733333333333,29,0,1,1,1,1,1,0,1,0,0,1,0,2,0,0,1,0,2,0,0,0,0,2,1,1,0,0,0,0,1,22,20,22,22,24,24,24,24,24,24,22,22,24,24,24,24,22,22,24,24,24,24,24,24,24,26,26,26,26,26
880021,10110,4.004751155591,26493,5,3,1.100000000000,3,21,25.133333333333,31,3,0,2,0,1,2,0,2,0,1,2,0,1,0,1,3,1,2,1,0,1,2,1,2,0,1,2,1,1,0,24,26,26,28,26,26,26,26,24,24,24,24,26,26,26,22,24,26,26,28,28,26,24,26,24,22,22,24,24,26
880022,4985,3.697665162648,13176,5,2,1.100000000000,3,24,24.733333333333,31,2,0,1,1,1,1,0,1,3,2,1,0,1,2,1,1,2,0,2,1,0,0,1,1,1,1,1,1,3,1,24,20,18,22,24,24,24,24,22,26,26,26,26,28,24,24,24,24,28,28,28,28,28,26,26,26,24,24,22,24
880023,27505,4.439411649286,60272,5,4,1.233333333333,4,20,25.733333333333,30,4,0,0,0,1,4,1,0,1,1,2,1,0,2,1,3,0,0,1,2,3,0,1,0,2,3,0,1,1,2,24,26,26,26,26,24,24,26,28,28,28,26,26,22,26,26,28,28,28,28,28,24,24,24,24,24,26,26,24,24
880024,95955,4.982067609773,227026,5,2,1.333333333333,4,23,24.933333333333,31,2,2,0,0,0,2,4,2,2,1,0,2,2,2,0,1,1,1,3,2,0,1,1,2,1,1,0,1,2,2,24,24,28,28,28,24,26,26,20,24,24,24,24,28,26,26,26,22,22,20,22,24,26,26,26,28,28,26,24,24
880025,2445,3.388278863460,6540,5,2,0.900000000000,3,19,26.200000000000,31,2,0,2,0,0,1,1,2,0,1,1,1,1,0,1,1,3,0,0,1,1,2,0,0,2,0,2,1,0,1,24,24,26,28,28,26,26,24,24,24,26,26,28,26,24,26,24,26,26,28,28,28,28,28,26,24,26,28,28,28
880026,16110,4.207095540419,32493,5,0,1.233333333333,3,22,25.266666666667,31,0,1,3,0,2,2,1,0,0,3,1,1,0,0,3,2,1,2,2,0,2,2,1,2,0,1,2,1,1,1,26,28,26,24,22,24,28,26,26,26,24,28,28,28,26,24,22,26,24,26,24,24,22,24,24,24,26,24,26,28
880027,145,2.161368002235,400,5,1,0.466666666667,2,13,25.533333333333,29,1,1,0,0,0,0,1,0,0,0,1,0,1,1,1,0,0,0,1,0,0,1,0,1,0,0,1,1,2,0,26,26,26,26,26,26,26,26,26,26,24,24,26,28,28,28,28,28,26,24,24,24,24,24,24,24,24,24,24,26
880028,23480,4.370698092576,56247,5,2,1.233333333333,4,24,25.466666666667,31,2,1,1,3,2,0,0,1,3,1,1,1,2,1,0,1,1,4,1,0,1,1,3,0,1,0,1,2,1,1,22,24,22,26,28,26,26,28,28,26,26,26,24,24,26,26,24,20,24,24,24,28,26,24,26,26,28,28,26,28
880029,20,1.301029995664,51,5,2,0.900000000000,3,20,25.066666666667,20,2,1,0,0,0,1,1,1,2,1,2,0,0,1,1,3,0,1,1,0,2,1,0,0,0,1,1,1,2,1,24,26,28,28,28,26,24,22,20,24,28,28,28,28,26,26,22,22,22,22,24,26,28,28,28,26,24,22,20,24
880030,3230,3.509202522331,7325,5,3,1.000000000000,3,21,26.600000000000,31,3,0,1,1,1,2,0,1,1,0,3,0,0,1,1,3,0,1,1,1,2,1,1,1,1,0,1,0,2,0,26,26,26,28,28,28,26,28,26,26,28,28,28,28,28,26,26,24,26,26,26,26,24,26,26,28,28,26,26,26
880031,20090,4.302979936748,52857,5,1,1.133333333333,3,24,24.266666666667,31,1,2,0,2,3,1,0,1,1,2,2,2,1,1,1,2,1,1,0,0,2,1,1,1,0,2,0,1,1,1,26,24,20,22,22,22,22,24,24,24,26,26,24,22,22,24,24,28,28,28,26,24,22,22,24,26,24,26,26,26
880032,40,1.602059991328,103,5,1,0.833333333333,2,22,25.933333333333,29,1,0,0,0,1,1,1,1,1,1,1,1,0,1,2,1,0,0,1,1,2,1,0,1,1,1,1,0,1,2,26,26,26,26,26,24,26,26,26,26,26,26,26,26,26,26,26,26,26,26,26,26,26,26,26,26,26,26,26,26
880033,52075,4.716629278620,117610,5,0,1.133333333333,3,20,27.200000000000,30,0,3,0,2,0,0,3,0,2,1,1,2,0,1,0,1,2,0,2,1,0,3,0,2,1,1,3,1,1,1,26,26,26,28,28,28,28,26,26,28,28,28,28,28,28,28,28,28,28,26,26,26,28,26,28,26,28,26,26,28
880034,35,1.544068044350,98,5,1,0.466666666667,1,14,20.133333333333,25,1,0,0,1,0,1,0,1,1,0,0,0,1,1,0,1,1,0,0,0,0,1,0,1,0,1,0,1,1,0,20,22,22,22,20,20,18,18,20,20,20,20,20,18,18,18,22,22,22,22,22,20,20,20,22,20,18,18,20,20
880035,13925,4.143795203846,30308,5,2,1.233333333333,3,23,25.000000000000,31,2,0,2,0,1,1,2,3,0,1,1,1,3,1,1,2,2,1,0,1,2,2,2,0,0,3,1,0,1,1,26,22,24,24,22,20,26,24,26,26,26,26,22,24,24,26,26,26,28,28,26,26,26,24,24,24,26,26,26,26
880036,1130,3.053078443483,3177,5,1,0.700000000000,2,18,25.266666666667,31,1,1,1,1,0,0,1,1,2,0,1,0,1,0,2,0,0,0,1,1,0,1,1,2,0,0,1,1,1,0,26,24,26,24,24,24,24,24,24,24,24,26,26,26,24,26,26,26,28,28,26,26,26,26,26,26,26,24,24,24
880037,3670,3.564666064252,7765,5,1,0.766666666667,2,17,25.133333333333,31,1,0,2,2,0,2,2,0,0,1,0,1,1,0,0,1,0,0,2,1,0,0,2,0,1,1,0,1,1,1,24,24,24,20,22,26,28,26,26,28,26,26,28,28,28,28,26,26,28,28,26,26,26,24,22,24,24,22,20,20
880038,1250,3.096910013008,3297,5,3,1.033333333333,3,17,25.400000000000,30,3,0,0,0,1,3,2,0,0,1,2,1,0,2,3,0,0,0,0,3,1,1,0,2,2,1,2,0,0,1,26,24,24,24,24,24,26,26,26,28,28,26,24,24,24,26,26,26,26,22,24,24,26,26,26,26,26,26,26,28
880039,215,2.332438459916,470,5,0,0.333333333333,1,10,25.000000000000,27,0,0,0,1,0,0,0,1,0,1,1,0,1,0,0,0,1,0,0,0,0,1,1,0,0,1,0,0,0,1,28,28,28,28,28,28,28,26,24,24,24,22,22,24,24,24,24,24,24,24,24,24,24,22,22,24,26,26,26,26
880040,530,2.724275869601,1553,5,1,0.666666666667,2,17,23.333333333333,30,1,0,1,0,0,1,0,2,0,0,1,0,2,1,1,1,1,0,0,1,1,1,1,1,1,0,0,2,0,0,26,26,26,24,24,22,20,24,24,24,24,24,22,20,20,20,22,22,22,22,22,20,20,24,26,26,26,26,26,26
880041,2425,3.384711742938,6520,5,3,1.000000000000,3,19,24.466666666667,31,3,1,0,0,2,2,0,0,1,0,3,1,2,0,1,2,0,3,0,1,0,1,2,1,1,1,1,0,1,0,26,26,26,26,26,26,28,28,26,24,22,24,24,22,22,20,20,22,26,26,28,28,24,20,20,24,24,26,26,24
880042,120,2.079181246048,247,5,0,0.466666666667,1,14,25.266666666667,30,0,0,1,0,0,0,0,1,1,1,0,0,0,1,1,1,1,0,0,0,1,0,0,1,1,1,0,1,0,1,26,26,26,24,24,24,24,24,26,26,26,26,26,24,24,24,24,26,26,26,26,24,24,26,26,26,26,26,26,26
880043,245,2.389166084365,500,5,1,0.666666666667,2,18,27.000000000000,29,1,0,1,0,0,1,0,1,1,0,0,1,1,1,0,0,1,0,1,0,0,2,2,1,0,1,1,1,1,1,24,26,28,28,28,28,26,24,26,28,28,26,26,26,28,28,28,28,28,26,26,28,28,26,26,26,28,28,28,28
880044,142555,5.153982454436,404698,5,2,1.566666666667,3,28,25.266666666667,31,2,1,0,2,2,2,1,3,1,2,2,1,1,1,1,3,0,2,1,2,1,1,1,3,2,2,2,2,1,2,26,26,28,28,28,24,24,22,24,20,26,28,28,26,26,26,24,22,22,24,26,24,26,26,28,24,24,24,26,28
880045,70,1.845098040014,197,5,1,0.633333333333,2,16,24.066666666667,30,1,1,0,0,0,2,1,0,0,0,1,1,0,0,0,2,1,2,0,0,1,1,1,1,0,1,0,1,1,0,24,24,24,24,24,24,24,24,24,24,24,24,24,24,24,24,24,24,24,24,24,22,22,24,26,26,26,26,24,22
880046,45,1.653212513775,108,5,0,0.333333333333,1,10,19.333333333333,26,0,1,0,0,0,0,1,1,0,0,0,0,1,1,0,0,1,0,0,0,0,1,0,1,1,1,0,0,0,0,18,20,22,22,22,22,20,20,20,20,20,20,18,18,18,18,20,18,18,18,18,16,18,18,18,20,20,20,20,20
880047,210,2.322219294734,465,5,0,0.866666666667,3,18,21.533333333333,31,0,1,1,0,2,1,0,2,0,0,1,0,3,0,2,1,1,1,0,3,0,1,1,0,1,0,1,2,0,1,22,24,22,22,24,22,22,22,22,22,20,20,22,20,18,20,20,20,22,24,20,20,22,22,22,22,22,22,22,22
880048,570,2.755874855672,1593,5,0,0.666666666667,2,17,21.533333333333,29,0,1,1,0,1,0,1,0,0,1,0,1,1,1,0,2,1,0,0,1,1,0,0,0,1,2,1,0,2,1,22,22,22,20,20,22,24,24,24,24,22,20,20,20,20,20,22,22,22,22,22,22,22,22,22,22,16,18,22,24
880049,3580,3.553883026644,7675,5,1,1.033333333333,3,23,23.333333333333,31,1,0,1,1,2,1,3,2,0,1,0,2,0,1,2,1,1,3,1,0,1,1,1,1,1,1,1,0,0,1,26,26,26,24,26,22,26,24,24,24,26,26,22,20,20,18,18,24,22,22,24,24,22,22,24,22,24,24,24,24
880050,20,1.301029995664,51,5,1,0.466666666667,1,14,25.800000000000,19,1,1,0,1,0,0,0,0,1,0,1,1,0,1,1,0,0,0,1,1,1,1,0,1,0,0,0,0,1,0,24,24,24,26,28,28,28,28,26,24,24,24,24,26,26,26,26,26,26,26,24,24,24,26,28,28,28,28,26,24
880051,7970,3.901458321396,16161,5,0,0.933333333333,3,19,25.933333333333,31,0,2,2,0,0,1,2,1,1,0,1,1,0,2,1,1,3,2,0,0,0,1,2,1,0,1,2,0,1,0,22,24,26,26,26,26,26,26,26,28,28,26,24,22,22,24,26,26,28,28,28,28,28,26,26,26,26,26,26,28
880052,5010,3.699837725867,13201,5,1,0.766666666667,2,19,23.466666666667,30,1,1,1,0,1,2,0,1,0,1,1,0,1,0,0,1,0,1,0,1,2,1,1,0,1,1,0,2,0,2,24,24,24,24,24,24,24,24,24,24,24,24,24,24,24,24,24,24,24,24,24,24,24,24,24,22,22,22,20,18
880053,10,1.000000000000,25,5,0,0.400000000000,1,12,24.000000000000,10,0,0,1,0,1,0,0,1,0,1,0,0,1,0,1,0,0,1,0,1,0,0,1,0,1,0,0,1,0,1,24,24,24,24,24,24,24,24,24,24,24,24,24,24,24,24,24,24,24,24,24,24,24,24,24,24,24,24,24,24
880054,3450,3.537819095073,7545,5,0,0.833333333333,3,19,25.400000000000,30,0,0,1,2,1,1,0,1,1,0,1,0,3,1,1,0,0,1,2,1,0,0,2,2,0,1,0,1,1,1,26,26,26,24,24,24,26,28,28,28,26,24,22,24,24,26,26,26,26,26,24,24,26,24,24,26,28,26,26,24
880055,5880,3.769377326076,14071,5,1,1.100000000000,4,22,25.733333333333,31,1,1,0,1,4,2,1,1,2,1,2,2,0,2,1,1,1,0,0,1,1,2,2,0,1,1,2,0,0,0,26,28,26,26,26,24,20,20,22,22,26,24,26,24,26,28,28,28,28,28,26,26,26,26,24,28,26,28,28,28
880056,22920,4.360214613295,55687,5,1,0.933333333333,2,24,24.200000000000,31,1,1,0,1,1,1,0,1,2,2,1,0,0,1,1,2,1,1,0,1,1,1,0,1,2,1,1,1,1,1,24,22,24,24,26,26,26,24,22,24,24,26,26,24,24,24,24,24,24,24,26,24,24,22,22,20,24,26,26,26
880057,2495,3.397070549959,6590,5,2,1.133333333333,2,24,26.733333333333,31,2,1,0,1,2,0,2,2,1,0,1,0,2,1,1,1,2,0,1,1,2,2,1,1,1,1,2,2,1,0,28,28,26,26,24,24,26,28,28,28,28,28,28,28,26,28,28,24,24,26,26,28,26,28,28,28,28,26,26,24
880058,5605,3.748575616931,13796,5,1,1.333333333333,3,25,27.000000000000,31,1,1,1,2,2,2,2,1,2,0,1,1,2,3,3,2,0,0,1,3,1,1,1,1,1,0,1,0,3,1,26,28,24,26,26,26,28,28,26,26,26,28,28,28,26,28,28,28,28,26,26,26,28,26,26,28,28,28,28,28
880059,350,2.544068044350,861,5,1,0.700000000000,3,17,23.933333333333,31,1,0,0,1,0,1,0,0,1,1,0,0,1,3,0,0,1,2,1,1,0,1,1,1,0,1,1,2,0,0,24,22,22,22,24,24,26,26,26,24,22,22,24,24,24,24,24,22,22,24,24,24,26,26,24,22,24,24,26,26
880060,7360,3.866877814337,15551,5,2,0.766666666667,3,17,23.266666666667,28,2,0,1,3,0,1,0,1,0,1,1,0,1,0,0,1,0,2,0,1,1,0,3,1,1,1,0,1,0,0,24,20,20,22,22,24,26,26,24,22,22,24,26,26,26,24,22,20,22,24,24,22,20,20,22,22,24,26,26,26
880061,520,2.716003343635,1543,5,0,0.966666666667,3,20,27.000000000000,29,0,1,2,3,1,0,1,0,2,1,0,2,1,1,1,0,1,1,1,1,0,2,0,3,0,0,1,1,2,0,28,28,26,26,28,28,28,26,28,26,26,26,26,26,26,28,28,26,28,28,26,26,26,26,28,28,28,26,28,28
880062,515,2.711807229041,1538,5,1,0.866666666667,3,18,25.800000000000,29,1,0,1,0,1,2,0,1,0,1,2,0,0,0,2,1,2,1,0,0,1,1,1,2,3,1,0,0,0,2,24,26,26,26,26,26,24,26,26,24,24,26,26,26,26,26,26,26,26,26,26,24,22,24,26,28,28,28,28,28
880063,3575,3.553276046137,7670,5,2,1.033333333333,3,21,25.133333333333,31,2,0,0,1,1,3,0,0,1,1,3,1,0,2,1,1,0,1,1,1,1,1,0,1,2,2,0,1,3,0,26,26,26,24,22,22,24,24,26,26,26,22,24,24,26,24,24,26,26,26,28,28,28,26,28,26,24,24,26,22
880064,10,1.000000000000,25,5,0,0.400000000000,2,6,25.000000000000,9,0,0,2,0,0,0,0,2,0,0,0,0,2,0,0,0,0,2,0,0,0,0,2,0,0,0,0,2,0,0,26,26,24,24,24,24,24,26,26,26,26,26,24,24,24,24,24,26,26,26,26,26,24,24,24,24,24,26,26,26
880065,200,2.301029995664,455,5,0,0.533333333333,2,14,24.666666666667,31,0,1,0,1,0,0,2,0,1,0,1,0,1,1,0,0,1,0,0,0,1,1,2,0,0,0,1,1,1,0,24,26,26,26,24,24,24,24,24,26,24,24,24,26,24,24,26,26,26,26,26,26,26,24,24,24,22,22,24,24
880066,35,1.544068044350,98,5,1,0.700000000000,3,14,27.000000000000,28,1,0,3,1,0,0,1,2,0,1,0,1,0,0,1,0,1,2,0,0,0,1,2,1,0,0,0,3,0,0,26,26,26,28,26,26,28,26,26,26,28,28,28,28,28,26,26,28,28,28,28,26,26,26,28,28,28,28,26,26
880067,470,2.672097857936,981,5,2,0.733333333333,2,16,25.733333333333,29,2,0,0,1,0,1,1,0,1,1,0,0,0,0,1,0,1,0,2,0,2,2,1,2,0,2,0,1,1,0,28,26,26,28,28,26,28,26,26,28,28,28,28,28,26,26,24,26,24,26,24,26,24,22,24,22,24,24,24,24
880068,25,1.397940008672,56,5,0,0.500000000000,2,12,22.400000000000,23,0,1,0,0,2,0,1,0,0,1,0,1,0,0,2,0,1,0,1,0,0,0,0,1,1,0,1,0,0,2,24,24,22,22,22,18,20,22,22,24,24,24,22,22,20,22,22,24,24,22,22,22,22,22,24,24,24,22,22,22
880069,18390,4.264581729238,51157,5,1,1.133333333333,2,23,26.466666666667,30,1,0,2,0,2,2,0,1,0,2,2,0,2,1,2,2,1,2,1,0,1,2,2,1,1,1,1,1,0,1,26,28,28,26,26,28,28,28,28,24,22,26,26,26,26,26,26,26,26,26,26,28,28,24,26,26,28,28,28,26
880070,1095,3.039414119176,3142,5,1,0.933333333333,2,20,26.800000000000,30,1,1,0,1,2,2,0,1,0,0,2,1,1,2,1,2,0,1,0,0,1,1,1,2,2,2,0,0,0,1,28,28,28,28,28,26,28,28,26,26,26,26,24,26,26,24,26,26,28,28,28,24,26,26,28,26,28,28,28,28
880071,1025,3.010723865392,3072,5,0,0.833333333333,3,19,24.800000000000,31,0,0,1,0,3,0,0,2,1,1,0,0,1,2,1,0,1,1,1,2,1,0,2,1,1,0,1,1,0,1,26,26,26,26,26,24,24,26,24,24,24,24,24,26,26,26,26,24,22,24,24,24,24,24,24,24,26,26,26,24
880072,10,1.000000000000,25,5,0,0.200000000000,1,6,22.000000000000,9,0,0,0,1,0,0,0,0,1,0,0,0,0,1,0,0,0,0,1,0,0,0,0,1,0,0,0,0,1,0,22,22,22,22,22,22,22,22,22,22,22,22,22,22,22,22,22,22,22,22,22,22,22,22,22,22,22,22,22,22
880073,13000,4.113943352307,29383,5,1,1.200000000000,3,24,26.000000000000,30,1,1,2,3,1,3,1,1,1,1,2,2,1,0,0,2,2,1,0,1,2,0,2,1,0,1,2,0,1,1,26,26,24,26,28,26,26,24,24,22,24,26,26,28,28,28,28,24,24,26,24,26,28,28,26,26,26,26,28,28
880074,855,2.931966114728,1878,5,2,0.900000000000,3,19,25.400000000000,31,2,1,0,0,3,1,1,2,0,2,1,1,0,1,2,0,1,2,0,0,1,0,1,0,2,1,0,1,0,1,28,26,26,26,26,22,20,22,24,24,26,26,24,24,24,24,24,28,26,26,28,28,26,26,24,24,26,28,28,28
880075,25655,4.409172018991,58422,5,1,1.266666666667,3,26,24.866666666667,31,1,1,2,0,1,3,1,2,1,1,2,2,1,2,1,0,2,1,1,1,2,2,0,0,2,2,1,1,1,1,26,26,26,28,26,26,28,24,26,24,24,22,24,24,26,24,24,24,24,22,26,28,26,26,28,24,20,22,24,24
880076,1000,3.000000000000,2023,5,0,0.866666666667,3,19,26.266666666667,31,0,1,0,2,1,0,1,0,0,1,0,1,1,2,0,2,0,1,1,2,1,0,1,1,3,0,1,0,2,1,28,28,28,28,26,26,28,28,28,28,28,26,26,24,24,24,26,24,24,26,26,28,26,28,24,24,24,26,26,28
880077,38190,4.581949658373,103725,5,1,1.266666666667,4,22,23.933333333333,31,1,2,2,1,2,2,1,1,1,2,0,1,1,2,2,2,1,0,0,4,1,0,0,0,3,2,0,1,0,3,24,24,26,22,22,22,22,26,28,26,26,26,28,24,24,22,24,22,22,22,26,26,26,26,22,22,22,22,22,22
880078,285,2.454844860009,796,5,0,0.866666666667,2,20,24.933333333333,31,0,1,1,2,1,1,0,1,0,2,0,0,1,2,1,1,1,1,2,1,0,1,1,2,0,0,2,0,1,0,22,24,26,24,26,26,26,26,26,24,26,26,26,24,24,24,24,22,22,24,26,24,26,26,26,26,28,24,26,24
880079,6140,3.788168371141,14331,5,1,1.233333333333,4,24,26.466666666667,30,1,0,1,1,0,2,1,1,2,2,0,1,1,1,2,2,0,1,1,1,2,2,2,4,1,0,0,1,3,1,28,28,28,28,28,28,24,24,22,26,26,26,26,26,24,28,26,28,28,28,28,24,24,26,28,28,28,28,26,24
880080,510,2.707570176098,1021,5,0,0.966666666667,3,17,23.733333333333,29,0,0,1,3,1,0,0,0,3,1,1,0,0,2,1,1,0,0,3,1,0,0,0,3,2,1,1,0,3,1,26,26,24,24,24,24,24,24,20,20,24,26,26,26,26,24,22,22,22,22,24,24,24,22,22,24,24,24,24,24
880081,405,2.607455023215,916,5,2,0.766666666667,2,17,24.200000000000,29,2,0,0,0,2,0,1,1,0,1,1,0,0,0,1,1,1,1,0,2,2,0,1,0,2,1,0,0,1,2,26,26,26,26,24,22,20,22,24,24,26,26,26,26,26,24,24,22,22,24,24,24,22,24,24,26,24,24,24,24
880082,10955,4.039612381897,27338,5,1,0.866666666667,3,20,25.333333333333,30,1,1,1,1,3,1,0,1,1,2,0,1,0,0,1,0,1,0,0,2,0,0,1,1,2,1,1,0,1,2,22,22,22,24,28,24,24,24,26,24,26,26,28,28,28,26,28,26,26,28,26,26,26,24,22,24,24,26,26,26
880083,25,1.397940008672,56,5,0,0.466666666667,2,12,23.800000000000,23,0,1,0,1,0,0,1,0,2,0,0,1,0,1,0,0,1,0,2,1,0,0,0,0,1,0,1,0,1,0,22,24,26,26,26,26,24,22,22,22,22,24,24,24,24,24,22,22,22,24,24,24,24,24,22,22,24,26,26,26
880084,70,1.845098040014,197,5,1,0.433333333333,1,13,23.333333333333,27,1,1,0,1,0,1,1,0,0,1,1,0,0,0,0,1,1,0,1,0,0,0,0,1,0,0,1,0,0,1,24,24,24,22,24,24,26,24,24,24,24,24,24,24,24,22,20,22,22,24,24,24,24,24,22,22,24,22,22,22
880085,12200,4.086359830675,28583,5,1,1.066666666667,3,23,24.933333333333,31,1,0,2,1,2,0,2,0,0,1,2,1,1,2,1,2,1,1,0,3,0,1,1,2,1,1,1,0,1,1,24,24,26,26,24,26,26,28,28,28,28,26,24,26,24,24,26,24,24,24,26,24,24,24,22,22,24,24,24,24
880086,650,2.812913356643,1673,5,0,0.733333333333,3,16,26.333333333333,30,0,1,0,1,3,0,0,0,2,0,0,2,1,1,0,1,1,0,1,1,0,1,1,0,2,0,1,2,0,0,28,28,26,26,26,28,28,28,26,24,24,26,24,22,24,26,26,28,28,28,28,28,26,26,26,24,24,28,28,28
880087,55,1.740362689494,118,5,0,0.800000000000,2,19,26.066666666667,31,0,0,1,2,0,0,1,1,1,2,1,0,0,1,1,1,1,0,2,2,0,0,1,1,1,0,0,1,2,1,26,26,28,28,26,26,28,24,24,26,28,26,26,24,22,24,24,26,26,28,26,26,28,26,28,28,28,26,26,24
880088,5005,3.699404081815,13196,5,1,0.933333333333,3,22,23.266666666667,30,1,1,1,1,0,1,1,1,1,1,3,1,1,2,0,1,0,0,2,1,1,0,1,0,1,2,1,0,2,0,26,24,20,20,18,20,20,20,20,22,26,22,22,24,24,26,26,26,24,24,24,26,26,26,26,24,20,22,26,24
880089,30,1.477121254720,61,5,0,0.466666666667,1,14,25.333333333333,23,0,0,1,0,1,1,0,1,0,0,1,0,1,0,1,0,0,1,0,1,1,0,1,0,0,1,0,1,0,1,24,24,24,24,26,26,26,26,26,26,26,26,26,26,24,24,24,24,24,26,26,26,26,26,26,26,26,26,26,24
880090,40,1.602059991328,103,5,1,0.800000000000,2,20,27.133333333333,29,1,1,0,0,2,1,1,1,1,1,1,1,1,1,2,0,1,1,2,0,0,0,0,2,0,1,0,1,1,0,28,28,26,26,28,28,28,28,26,26,24,24,26,26,26,26,26,28,28,28,28,28,28,28,28,28,28,28,28,28
880091,1640,3.214843848048,3687,5,0,0.800000000000,3,16,23.000000000000,31,0,1,1,1,0,0,1,3,0,0,1,0,2,1,0,0,1,2,0,0,2,0,2,0,2,0,0,2,1,1,24,24,24,24,24,24,24,24,22,22,24,22,22,24,24,24,24,24,22,22,22,22,18,22,22,22,22,24,24,24
880092,1350,3.130333768495,3397,5,2,1.000000000000,2,21,25.200000000000,31,2,1,1,2,1,2,2,0,0,1,1,1,0,1,0,1,1,1,2,1,2,0,0,2,0,2,1,2,0,0,24,22,22,26,26,28,28,24,24,24,24,24,24,24,26,26,26,26,24,26,26,26,26,26,26,22,24,26,28,28
880093,10,1.000000000000,25,5,0,0.600000000000,2,12,27.000000000000,10,0,1,2,0,0,0,1,2,0,0,0,1,2,0,0,0,1,2,0,0,0,1,2,0,0,0,1,2,0,0,26,28,28,28,28,28,26,26,26,26,26,28,28,28,28,28,26,26,26,26,26,28,28,28,28,28,26,26,26,26
880094,210,2.322219294734,465,5,1,0.600000000000,2,16,21.200000000000,30,1,0,0,0,1,1,2,1,1,1,1,0,0,0,0,1,0,1,0,1,0,1,1,1,1,0,2,0,0,0,22,24,24,24,22,22,20,20,20,20,22,22,22,22,22,20,20,20,22,20,20,20,20,20,20,20,20,22,22,22
880095,8240,3.915927211697,24623,5,1,1.000000000000,2,21,23.266666666667,30,1,2,1,0,1,1,2,0,1,2,0,2,2,0,2,1,1,0,0,2,1,1,2,0,1,0,2,1,1,0,18,20,20,22,24,24,24,24,24,24,22,22,22,22,20,24,24,26,26,24,22,22,22,26,26,26,26,26,24,22
880096,35,1.544068044350,98,5,0,0.533333333333,2,15,21.800000000000,29,0,1,0,0,0,0,1,1,0,1,1,0,0,1,0,1,1,0,1,1,0,1,1,0,2,0,1,0,1,0,20,20,22,22,22,22,22,22,20,20,22,24,24,24,24,22,22,20,22,22,22,20,18,20,20,22,22,24,24,24
880097,25,1.397940008672,56,5,0,0.466666666667,2,12,20.933333333333,23,0,1,1,0,0,0,1,2,0,0,0,0,2,1,0,0,1,0,0,0,0,1,1,1,0,0,1,1,0,0,20,22,22,22,22,22,20,20,20,20,20,20,20,20,20,20,22,22,22,22,22,20,20,20,20,20,22,22,22,22
880098,50,1.698970004336,113,5,1,0.666666666667,2,17,27.000000000000,30,1,0,1,0,0,1,0,2,1,0,0,1,2,0,0,1,1,1,1,0,1,1,1,2,0,0,0,1,1,0,26,26,26,26,26,26,26,26,28,28,28,28,28,26,26,28,28,28,26,26,26,26,26,28,28,28,28,28,28,28
880099,130,2.113943352307,385,5,1,0.733333333333,2,19,24.600000000000,31,1,0,2,0,1,1,1,2,1,0,0,0,1,1,0,0,1,2,1,1,0,1,1,1,1,1,0,0,1,0,26,26,24,26,26,26,26,26,24,24,24,24,24,24,24,24,24,24,28,28,26,26,24,22,20,22,24,24,24,24
880100,95425,4.979662168621,226496,5,2,1.500000000000,4,25,25.266666666667,31,2,0,0,1,2,2,1,1,2,2,2,1,3,0,0,4,2,1,2,2,1,3,0,2,1,1,1,1,3,2,26,28,28,26,24,22,22,20,24,24,24,28,28,22,22,28,26,24,28,28,26,24,26,24,28,26,26,24,26,26
880101,4860,3.686636269262,13051,5,0,0.666666666667,2,19,24.733333333333,31,0,1,1,0,0,1,1,1,1,0,0,1,0,1,1,0,0,1,1,1,1,0,1,1,1,1,1,0,2,0,22,22,26,26,26,26,26,26,26,26,26,26,24,22,24,24,24,24,24,26,24,26,24,26,24,26,24,24,24,24
880102,2815,3.449478399187,6910,5,2,0.900000000000,3,19,25.733333333333,31,2,1,1,0,0,2,0,1,0,1,3,2,1,1,2,1,0,1,2,0,0,1,0,1,0,0,2,1,1,0,22,24,24,26,26,26,26,26,24,24,26,26,26,24,24,24,24,26,26,26,26,28,28,28,26,26,26,28,28,28
880103,165,2.217483944214,420,5,0,0.766666666667,2,19,22.333333333333,30,0,0,0,2,1,1,0,2,1,1,1,0,0,1,1,1,0,2,1,1,1,1,0,0,0,2,0,1,1,1,24,24,24,22,24,20,22,20,20,20,24,24,24,24,24,20,20,22,22,20,24,24,24,24,24,20,18,20,24,24
880104,13705,4.136879039876,30088,5,1,1.433333333333,3,26,24.933333333333,31,1,1,2,3,0,1,1,2,1,0,1,2,1,3,0,2,1,2,1,2,0,2,1,2,1,3,1,1,3,2,22,22,24,26,28,28,28,26,26,28,28,26,24,20,22,22,24,20,22,20,24,24,28,26,28,28,26,22,28,28
880105,25165,4.400796934733,57932,5,1,1.400000000000,3,26,25.466666666667,31,1,1,2,2,1,1,1,2,2,0,1,2,2,0,1,2,1,1,1,0,2,2,2,2,2,2,0,3,2,1,28,26,26,28,28,26,26,26,26,26,26,26,24,26,26,26,24,24,24,26,26,26,26,24,26,26,22,22,24,24
880106,10,1.000000000000,25,5,0,0.400000000000,1,12,26.000000000000,10,0,1,0,1,0,0,1,0,1,0,0,1,0,1,0,0,1,0,1,0,0,1,0,1,0,0,1,0,1,0,26,26,26,26,26,26,26,26,26,26,26,26,26,26,26,26,26,26,26,26,26,26,26,26,26,26,26,26,26,26
880107,50,1.698970004336,113,5,0,0.766666666667,3,18,26.400000000000,30,0,1,1,2,1,0,0,1,2,1,0,1,1,3,0,0,1,0,1,1,0,2,1,0,0,0,1,1,1,0,26,28,26,26,26,24,24,26,26,26,26,24,26,26,26,26,28,26,26,24,24,28,28,28,28,28,28,28,28,28
880108,775,2.889301702506,1798,5,0,0.833333333333,3,18,24.000000000000,31,0,2,1,1,0,0,2,1,1,1,1,1,0,0,0,1,2,3,1,0,0,1,1,1,0,0,2,2,0,0,24,24,24,24,22,22,24,20,20,20,22,24,24,24,24,24,22,24,24,26,26,26,26,28,26,26,28,24,24,24
880109,4215,3.624797578961,12406,5,0,0.733333333333,2,21,26.466666666667,29,0,1,0,1,0,1,1,1,1,1,1,1,1,0,1,0,1,2,1,0,1,1,0,1,0,1,1,0,1,1,26,26,28,28,26,26,26,24,24,24,26,28,28,28,28,26,26,28,28,26,26,26,26,26,28,28,28,26,26,24
880110,20,1.301029995664,51,5,0,0.400000000000,1,12,25.533333333333,18,0,0,1,1,0,1,1,0,0,0,0,1,0,1,0,1,0,1,0,0,0,0,1,1,0,1,1,0,0,0,26,26,26,26,24,24,26,26,26,26,26,24,24,24,26,26,26,26,26,26,26,26,26,26,24,24,26,26,26,26
880111,23500,4.371067862272,56267,5,0,0.766666666667,2,18,26.400000000000,31,0,1,1,0,1,2,0,1,0,2,0,1,1,0,2,1,1,1,1,1,0,0,2,1,0,0,2,0,0,1,26,26,26,26,26,28,28,26,26,24,26,26,26,26,26,24,26,26,26,26,26,26,28,28,28,28,28,26,26,28
880112,35,1.544068044350,98,5,1,0.466666666667,1,14,22.400000000000,24,1,0,1,0,0,1,0,1,0,1,1,0,0,1,0,0,0,0,1,1,1,0,1,0,0,1,0,1,0,1,24,22,22,22,22,20,22,22,22,22,24,22,22,24,24,24,24,24,22,22,20,22,22,22,22,24,22,22,22,22
880113,1055,3.023252459634,3102,5,1,0.833333333333,3,17,26.133333333333,31,1,1,0,1,0,2,1,0,0,1,2,0,0,2,0,1,2,0,1,0,2,1,0,0,1,3,2,0,0,1,26,26,28,26,26,26,28,26,26,28,28,24,24,24,24,24,28,28,28,26,26,28,26,26,28,28,26,24,24,24
880114,80,1.903089986992,207,5,1,0.666666666667,2,15,24.533333333333,29,1,2,0,2,0,0,0,1,1,1,0,0,0,1,1,0,0,1,2,0,1,2,0,2,0,1,0,0,1,0,22,22,22,26,26,26,26,24,24,24,26,26,26,26,26,24,24,26,26,22,22,22,22,24,24,24,26,26,26,26
880115,160,2.204119982656,415,5,2,0.766666666667,3,14,26.600000000000,28,2,2,0,0,0,3,0,0,0,0,3,2,0,1,0,2,0,1,0,0,1,1,1,1,0,2,1,0,0,0,26,28,28,28,28,26,26,26,26,26,28,26,26,26,28,26,26,26,26,26,26,26,26,26,24,26,28,28,28,28
880116,15,1.176091259056,30,5,1,0.266666666667,1,8,20.666666666667,13,1,0,0,0,0,1,1,0,0,0,0,1,0,0,0,1,0,0,0,0,1,1,0,0,0,0,1,0,0,0,20,20,20,20,20,20,20,22,22,22,22,22,20,20,20,20,20,20,20,20,20,20,22,22,22,22,22,20,20,20
880117,480,2.681241237376,991,5,0,0.733333333333,2,18,24.800000000000,29,0,1,1,0,1,0,1,2,1,0,0,0,2,1,1,0,1,1,0,1,0,1,2,1,1,0,0,0,1,2,24,24,24,24,24,22,24,22,24,26,26,26,28,26,24,24,24,24,24,24,22,24,22,24,26,28,28,28,28,26
880118,5290,3.723455672035,13481,5,0,1.100000000000,3,23,27.200000000000,31,0,1,0,1,3,1,1,1,2,0,1,0,0,2,1,2,1,1,1,3,1,1,1,0,2,2,2,0,1,1,28,28,28,28,28,26,26,26,28,28,28,28,28,26,26,26,28,26,28,28,26,28,28,26,26,28,26,28,26,28
880119,650,2.812913356643,1673,5,0,0.866666666667,2,20,24.333333333333,31,0,2,0,1,1,2,1,1,2,2,1,0,1,0,0,2,1,0,1,1,1,0,1,1,1,0,0,0,2,1,24,24,22,22,22,22,22,22,26,26,24,24,26,24,24,26,24,26,26,28,26,26,24,26,24,24,24,24,24,24
880120,10,1.000000000000,25,5,0,0.400000000000,1,12,17.800000000000,10,0,1,0,0,1,0,1,0,0,1,0,1,0,0,1,0,1,0,0,1,0,1,0,0,1,0,1,0,0,1,18,18,16,16,18,16,18,20,20,18,18,18,16,16,18,16,18,20,20,18,18,18,16,16,18,16,18,20,20,18
880121,27755,4.443341231668,60522,5,2,1.400000000000,3,25,24.466666666667,31,2,1,0,3,1,2,1,1,3,2,0,1,1,2,2,1,2,3,1,1,2,0,0,1,2,1,0,2,2,2,26,26,26,26,24,24,22,22,22,24,26,26,28,26,24,24,22,22,22,22,24,28,28,28,26,24,22,22,24,24
880122,82140,4.914554698518,213211,5,2,0.966666666667,4,18,24.200000000000,31,2,0,0,1,2,1,0,0,1,4,1,0,0,0,3,2,0,1,1,1,0,2,0,2,0,1,1,1,0,2,26,26,26,26,24,22,22,22,20,24,24,24,24,24,22,24,24,26,26,24,24,22,24,22,24,26,28,26,26,24
880123,6315,3.800373354891,14506,5,1,0.866666666667,2,20,22.466666666667,31,1,0,0,1,2,1,0,0,1,1,1,1,2,0,2,0,0,1,1,2,1,1,1,0,1,0,1,2,0,2,22,24,24,24,24,24,24,24,26,24,22,24,22,22,22,24,24,22,20,22,18,20,22,22,22,22,22,18,22,22
880124,5375,3.730378468588,13566,5,1,1.266666666667,4,21,26.000000000000,31,1,2,1,0,1,3,1,1,0,1,3,0,1,0,1,4,1,0,0,1,3,3,3,0,1,0,1,3,2,0,26,26,26,26,26,26,26,26,28,28,24,26,26,24,24,26,28,28,28,28,24,22,26,28,28,28,26,26,22,24
880125,415,2.618048096712,926,5,2,1.033333333333,3,21,25.800000000000,31,2,0,0,2,0,2,2,1,1,0,1,1,0,1,1,2,1,0,1,1,3,0,0,1,1,3,0,1,1,2,28,26,26,24,24,24,26,28,28,28,28,28,26,26,28,28,28,28,26,24,24,24,24,24,26,26,24,24,24,22
880126,2090,3.320146286111,6185,5,2,1.066666666667,3,21,25.600000000000,31,2,2,2,2,0,1,1,1,1,0,2,0,1,1,0,1,0,3,1,0,0,2,2,0,0,1,3,1,1,1,22,22,24,24,26,28,28,28,26,24,26,26,26,26,26,24,24,24,28,26,26,26,26,26,26,28,28,26,22,26
880127,26225,4.418715496866,58992,5,0,1.300000000000,4,25,25.866666666667,31,0,1,2,1,2,2,2,3,1,1,0,0,2,1,1,1,1,2,2,2,0,1,1,1,2,1,1,4,0,1,28,28,28,28,26,28,24,26,28,26,26,26,26,24,26,26,28,24,22,22,24,26,28,28,28,22,24,24,26,26
880128,125,2.096910013008,252,5,3,0.866666666667,3,16,24.266666666667,31,3,0,2,0,1,1,0,1,0,2,2,0,1,0,0,2,0,3,0,1,0,1,1,0,0,0,1,2,0,2,22,20,18,22,24,26,26,26,24,24,24,24,26,26,26,22,22,22,26,24,26,26,28,26,26,26,26,22,24,24
880129,13775,4.139091607524,30158,5,0,1.100000000000,4,17,24.066666666667,31,0,0,4,0,3,0,0,3,0,2,1,0,4,0,1,3,0,2,1,2,0,0,2,1,1,1,1,0,1,0,28,28,20,22,22,24,24,28,24,24,22,22,26,20,20,22,24,24,28,28,24,24,28,24,22,22,22,24,26,26
880130,110,2.041392685158,237,5,0,0.566666666667,2,14,21.666666666667,30,0,0,0,1,1,0,0,1,0,2,0,1,2,0,1,1,0,1,0,1,1,0,0,0,2,1,1,0,0,0,22,22,22,22,22,22,22,20,20,22,20,20,20,22,22,24,22,20,20,18,20,22,22,22,24,22,22,24,24,24
880131,2620,3.418301291320,6715,5,1,0.900000000000,4,12,26.533333333333,27,1,0,0,2,1,1,1,0,4,0,0,0,0,4,0,0,1,0,3,0,0,1,0,4,0,0,0,0,4,0,28,28,28,28,26,28,24,26,24,26,26,26,26,28,26,26,28,26,28,28,28,26,26,24,26,26,26,26,28,26
880132,10450,4.019116290447,26833,5,2,0.800000000000,2,19,26.533333333333,30,2,1,1,2,0,2,1,1,0,1,0,1,1,1,0,0,2,1,0,0,0,2,1,1,0,0,1,1,1,0,26,24,26,26,26,24,28,26,26,26,26,26,28,28,26,26,26,26,28,28,28,26,26,26,28,28,28,26,28,26
880133,910,2.959041392321,1933,5,0,0.833333333333,2,18,25.800000000000,30,0,2,1,0,0,0,2,2,0,1,0,1,2,0,1,0,2,1,0,1,0,2,1,1,1,1,0,1,2,0,22,22,26,28,28,28,26,22,26,28,28,28,26,28,26,26,24,24,24,24,26,26,26,24,28,26,26,26,26,26
880134,225,2.352182518111,480,5,0,0.633333333333,2,17,24.600000000000,31,0,0,0,2,1,0,0,1,1,1,0,0,1,1,1,0,1,0,1,0,1,1,2,0,0,1,0,1,1,1,24,24,24,24,24,24,24,24,24,26,26,26,24,24,22,22,24,26,26,26,24,26,26,24,24,26,24,24,26,26
880135,1950,3.290034611363,3997,5,0,1.033333333333,3,21,25.733333333333,31,0,1,3,2,0,0,0,2,3,0,1,1,2,1,0,1,1,1,2,1,1,1,2,1,1,1,0,2,0,0,24,24,26,26,26,26,26,24,24,24,26,28,28,28,28,26,24,24,24,26,26,26,28,26,28,26,26,26,24,24
880136,5005,3.699404081815,13196,5,0,1.100000000000,3,22,23.666666666667,31,0,1,2,0,1,0,2,2,1,0,1,3,3,0,2,1,0,2,0,1,1,1,1,1,1,0,2,2,1,1,24,24,24,24,24,24,22,24,22,20,20,20,20,20,24,24,24,26,26,26,26,24,24,26,24,22,26,24,26,26
880137,555,2.744292983123,1578,5,1,0.633333333333,2,16,24.000000000000,29,1,1,0,0,1,2,0,0,0,1,2,1,1,1,0,2,0,1,0,0,1,1,0,0,0,1,1,1,0,0,22,22,22,22,22,22,24,24,24,24,24,22,22,22,22,24,24,24,26,26,26,26,26,26,26,26,26,26,24,24
880138,37160,4.570075705322,102695,5,0,1.133333333333,4,21,25.266666666667,31,0,4,0,1,0,1,2,2,2,0,0,1,2,2,2,1,0,2,0,1,2,2,0,1,1,1,2,1,1,0,24,22,26,26,28,26,26,24,26,26,26,24,24,22,26,24,24,26,26,24,28,24,24,26,26,26,26,26,26,26
880139,10,1.000000000000,25,5,1,1.000000000000,2,24,25.200000000000,10,1,1,0,2,1,1,1,0,2,1,1,1,0,2,1,1,1,0,2,1,1,1,0,2,1,1,1,0,2,1,24,24,26,28,28,26,24,24,24,24,24,24,26,28,28,26,24,24,24,24,24,24,26,28,28,26,24,24,24,24
880140,915,2.961421094066,1938,5,0,0.933333333333,2,22,22.200000000000,31,0,1,1,2,0,1,1,1,1,0,1,0,2,2,0,0,1,1,1,1,0,1,1,1,1,1,2,0,2,2,24,24,22,20,20,20,22,24,24,24,24,22,20,24,22,22,24,22,22,24,24,22,22,22,22,20,20,18,22,24
880141,62245,4.794104471276,127780,5,1,1.200000000000,3,23,25.666666666667,31,1,0,1,1,2,1,1,2,2,0,2,2,2,1,1,1,2,0,2,3,1,0,0,0,2,1,1,2,2,0,24,24,24,26,24,28,26,26,28,24,24,24,26,24,26,28,26,26,22,24,26,28,28,28,26,28,26,28,24,24
880142,85,1.929418925714,212,5,0,0.633333333333,3,16,24.466666666667,30,0,0,1,1,0,1,0,0,2,1,1,1,1,0,0,0,0,1,1,0,1,3,0,0,1,1,1,0,0,1,28,28,28,26,26,28,26,26,26,22,22,22,22,24,24,24,24,24,22,24,24,26,24,24,24,22,22,24,24,24
880143,25,1.397940008672,56,5,1,0.466666666667,1,14,25.400000000000,23,1,1,0,0,0,1,1,0,0,1,0,1,1,0,1,0,0,1,0,1,0,1,0,0,1,1,1,0,0,0,26,24,24,24,24,24,26,26,26,26,26,26,26,26,26,26,26,26,26,26,26,26,26,26,26,26,24,24,24,24
880144,12180,4.085647288297,28563,5,2,0.933333333333,2,21,24.466666666667,31,2,0,1,2,1,2,0,0,1,2,0,1,0,1,1,0,1,1,1,2,0,0,1,1,0,2,2,1,1,1,24,24,26,26,26,26,26,26,24,24,26,26,26,26,26,26,26,24,24,22,22,22,22,20,22,22,24,26,24,26
880145,60,1.778151250384,123,5,1,0.733333333333,2,19,23.133333333333,29,1,1,1,0,2,0,1,0,0,1,0,1,1,0,2,0,1,1,0,1,1,0,1,0,1,1,1,1,0,2,24,24,22,22,22,22,22,24,24,24,22,24,22,24,22,22,22,24,24,24,24,24,24,24,24,24,24,22,22,22
880146,90,1.954242509439,217,5,2,0.533333333333,2,12,23.066666666667,29,2,0,0,0,0,2,0,0,0,1,2,0,0,0,1,1,0,0,0,1,2,1,0,0,0,1,0,1,0,1,24,24,24,24,24,24,24,24,24,24,24,22,22,22,20,20,22,22,22,24,24,22,24,24,24,22,22,22,24,24
880147,45,1.653212513775,108,5,0,0.366666666667,1,11,21.400000000000,28,0,0,1,0,1,0,0,1,1,0,0,0,1,1,1,0,1,0,0,0,1,1,0,0,0,0,1,0,0,0,22,22,22,22,24,24,24,24,22,20,20,20,20,22,22,22,22,22,22,22,22,20,20,20,20,20,20,20,20,20
880148,25,1.397940008672,56,5,0,0.500000000000,2,13,24.800000000000,22,0,1,0,1,1,1,0,0,0,0,1,0,0,1,1,0,1,0,0,2,0,0,0,0,2,0,1,0,1,1,24,22,24,24,26,24,26,26,26,26,26,24,24,26,24,24,26,24,24,26,26,26,26,26,24,24,22,24,24,26
880149,70,1.845098040014,197,5,0,0.766666666667,2,19,25.133333333333,31,0,1,1,2,1,0,1,1,0,1,1,0,1,1,0,1,1,1,2,0,0,0,2,1,0,1,0,2,1,0,26,24,24,24,24,26,26,26,26,26,26,26,26,26,26,24,22,22,22,26,26,26,26,24,24,26,26,26,26,26
880150,5030,3.701567985056,13221,5,1,1.266666666667,3,24,25.933333333333,31,1,2,1,1,0,2,0,2,2,2,0,1,1,2,2,1,1,3,0,1,0,1,2,3,1,0,1,3,1,1,26,26,28,26,26,24,24,26,28,26,24,24,26,24,26,24,22,26,28,28,28,28,28,28,24,26,26,24,26,28
880151,255,2.406540180434,510,5,2,0.733333333333,3,15,23.600000000000,30,2,0,0,0,0,2,0,3,0,2,0,1,0,0,1,2,0,1,0,1,1,1,2,1,0,1,1,0,0,0,26,26,26,26,26,24,20,20,20,18,22,22,24,24,24,24,24,24,24,24,22,22,24,22,22,24,26,26,26,26
880152,9220,3.964730921054,25603,5,1,1.333333333333,4,24,27.066666666667,30,1,2,1,1,2,1,0,1,2,3,1,0,0,1,4,1,2,0,0,2,1,2,1,2,1,1,0,1,2,4,28,28,26,26,28,28,28,26,26,28,28,28,28,28,24,22,26,28,28,28,28,28,26,26,28,28,28,26,26,28
880153,30,1.477121254720,61,5,0,0.466666666667,1,14,23.666666666667,23,0,1,1,0,0,0,1,1,1,0,0,1,0,1,0,0,1,1,0,0,0,1,1,1,0,0,1,0,1,0,24,24,24,24,24,24,24,24,24,24,24,24,22,22,22,22,22,26,26,26,26,26,22,22,22,22,22,24,24,24
880154,55,1.740362689494,118,5,0,0.733333333333,2,18,23.266666666667,31,0,1,0,2,1,0,1,1,1,1,1,2,1,0,0,1,1,0,0,0,2,0,1,0,1,0,1,1,2,0,24,22,24,24,24,24,22,24,24,22,24,24,24,22,22,22,22,24,24,24,22,22,22,24,24,24,22,24,24,24
880155,400,2.602059991328,911,5,0,0.333333333333,1,10,23.866666666667,29,0,0,0,1,0,0,1,0,0,1,0,0,0,0,1,0,1,1,0,0,1,0,0,1,1,0,0,1,0,0,26,26,26,26,24,24,26,24,24,26,24,24,24,24,22,24,22,24,22,22,24,22,22,24,24,22,22,24,24,24
880156,105,2.021189299070,232,5,1,0.766666666667,3,15,25.466666666667,29,1,0,1,0,2,0,0,1,0,2,1,0,1,0,3,0,0,0,1,2,0,0,1,1,2,0,0,1,0,3,26,26,26,26,26,26,26,26,26,26,26,26,24,24,24,26,26,26,26,26,24,24,26,26,26,26,26,24,24,24
880157,7105,3.851564082263,15296,5,3,0.966666666667,3,23,25.533333333333,30,3,0,1,1,2,2,1,0,0,2,2,1,1,1,1,1,1,0,0,1,1,1,0,1,1,0,1,1,1,1,24,24,24,26,24,26,28,26,26,26,22,24,26,28,28,28,28,26,26,26,26,26,28,26,26,24,24,22,24,24
880158,3325,3.521791649639,7420,5,2,1.133333333333,2,26,24.333333333333,31,2,1,1,2,1,1,0,2,1,1,0,1,2,1,1,2,1,1,1,2,1,1,1,2,1,1,0,0,2,1,24,24,22,24,26,24,24,24,24,26,26,28,26,22,20,26,26,22,24,22,22,20,22,24,24,28,28,28,26,24
880159,110,2.041392685158,237,5,0,0.900000000000,3,17,26.333333333333,29,0,1,2,2,0,0,2,3,0,1,1,2,1,0,0,1,1,3,0,0,0,0,3,0,0,1,1,1,0,1,26,26,26,28,26,26,28,26,26,26,28,28,28,26,26,24,24,24,28,28,28,28,24,24,24,26,26,26,28,28
880160,1415,3.150756439860,3462,5,0,0.966666666667,3,18,24.066666666667,31,0,0,2,2,0,0,1,0,3,0,0,0,1,2,0,1,2,3,1,1,3,1,0,0,0,2,1,1,1,1,26,26,26,26,26,26,24,24,20,24,24,24,24,24,22,20,20,22,22,20,26,26,26,26,26,24,24,24,24,26
880161,49750,4.696793085082,115285,5,1,1.100000000000,4,20,26.866666666667,31,1,2,2,0,0,0,2,4,1,0,0,1,2,0,1,1,2,3,1,1,0,0,3,1,0,0,1,2,1,1,26,26,28,28,28,28,28,26,28,28,28,28,26,26,26,26,26,26,28,28,26,26,26,26,28,28,28,24,26,26
880162,40,1.602059991328,103,5,2,0.666666666667,2,14,25.533333333333,28,2,2,0,0,1,1,1,0,0,0,1,1,0,0,1,1,2,0,0,0,2,1,0,0,0,2,2,0,0,0,26,26,24,24,26,26,26,26,26,26,26,26,26,26,24,24,24,26,26,26,26,26,26,26,26,24,24,26,26,26
880163,1910,3.281033367248,3957,5,1,0.866666666667,3,21,24.666666666667,31,1,0,2,1,0,1,1,1,0,0,1,0,1,1,1,1,1,1,2,0,1,2,0,0,1,1,3,1,0,1,26,26,26,26,26,24,24,24,24,24,26,26,26,26,26,24,22,24,22,24,24,26,26,26,24,22,24,22,24,26
880164,2440,3.387389826339,6535,5,0,0.933333333333,3,20,26.800000000000,30,0,3,0,2,1,0,1,1,2,0,0,2,1,1,2,0,0,1,1,1,0,1,0,2,1,0,2,1,1,1,26,22,24,24,28,28,28,28,28,26,26,28,26,26,28,28,28,28,28,28,28,28,28,26,26,26,24,26,28,28
880165,375,2.574031267728,886,5,0,0.733333333333,2,18,25.933333333333,29,0,2,0,1,1,0,1,1,2,1,0,1,0,1,0,0,2,0,1,1,1,0,0,1,1,1,2,0,1,0,22,24,26,26,28,28,26,24,24,24,26,26,28,28,26,26,28,26,26,28,26,26,26,26,24,26,24,26,26,28
880166,90,1.954242509439,217,5,1,0.933333333333,2,22,21.733333333333,30,1,0,1,1,1,1,1,1,0,2,1,1,1,0,2,1,0,2,1,1,1,0,1,1,2,2,0,0,0,2,22,22,24,22,20,20,22,20,20,20,22,20,20,22,22,20,20,22,22,24,24,24,22,20,18,22,24,24,24,24
880167,95,1.977723605289,222,5,0,0.700000000000,2,18,24.666666666667,30,0,2,1,0,1,0,1,1,0,1,0,2,1,1,0,2,0,1,1,0,1,1,0,1,0,1,0,1,1,0,26,24,22,22,24,24,26,26,26,24,24,22,24,22,24,24,24,24,26,26,26,28,28,26,26,24,24,24,26,24
880168,135,2.130333768495,390,5,1,0.733333333333,2,19,22.933333333333,31,1,1,1,0,0,1,0,1,0,1,1,1,2,1,1,1,0,0,1,1,0,1,1,0,2,0,0,0,1,2,22,24,24,26,26,26,26,26,24,22,20,16,22,22,24,26,26,26,24,22,22,22,20,20,20,22,22,22,22,22
880169,95060,4.977997809959,226131,5,3,1.433333333333,3,23,25.133333333333,31,3,0,0,1,3,2,1,1,1,3,2,1,0,1,2,1,3,0,1,2,1,3,3,0,1,0,0,3,3,1,24,26,26,26,26,24,22,22,22,24,24,26,28,28,24,24,26,26,26,28,26,22,24,26,28,28,28,24,22,24
880170,160,2.204119982656,415,5,1,0.600000000000,2,16,22.466666666667,31,1,0,0,1,0,1,1,1,0,1,1,0,0,0,2,1,0,0,1,1,1,0,0,0,2,0,1,1,1,0,26,26,26,26,24,24,24,22,20,20,20,20,20,20,20,22,22,22,24,24,22,22,22,22,22,22,22,24,22,22
880171,4170,3.620136054974,12361,5,1,1.066666666667,3,20,26.400000000000,31,1,2,1,1,1,2,0,1,1,2,1,2,3,0,0,0,1,2,2,0,2,0,3,0,0,2,1,1,0,0,26,26,26,26,28,28,28,28,28,22,24,24,28,28,28,28,28,28,26,26,26,26,26,26,26,26,24,26,26,26
880172,2235,3.349277527468,6330,5,1,0.866666666667,3,15,24.933333333333,31,1,0,2,2,0,0,0,2,2,0,0,1,2,0,1,2,0,1,0,0,3,0,3,0,1,1,0,2,0,0,24,24,26,22,24,24,24,24,28,28,28,28,26,24,24,28,26,26,24,24,22,20,22,24,24,26,26,26,26,26
880173,41270,4.615634468877,106805,5,2,1.166666666667,3,23,26.200000000000,31,2,0,1,3,1,0,1,0,1,2,1,2,1,1,3,0,1,1,1,2,0,2,0,2,1,1,2,1,0,2,24,24,24,24,28,26,28,26,26,24,24,26,24,26,26,28,28,28,28,28,26,28,28,26,24,26,28,26,26,28
880174,1155,3.062581984228,3202,5,1,0.633333333333,2,16,23.133333333333,30,1,0,0,2,1,0,0,1,1,1,0,1,1,1,1,2,0,0,0,1,1,0,0,0,1,2,0,1,0,0,24,24,24,26,24,24,24,24,24,22,22,24,22,20,22,24,24,24,24,22,22,22,22,22,24,22,22,22,24,24
880175,730,2.863322860120,1753,5,3,0.900000000000,3,20,24.533333333333,30,3,1,1,0,0,1,2,0,2,0,2,0,0,2,0,1,1,1,2,0,1,1,1,0,0,1,1,1,1,1,26,24,26,26,26,26,22,22,20,24,24,24,24,26,22,24,24,24,26,26,24,28,28,26,26,26,24,22,22,24
880176,2905,3.463146136726,7000,5,2,0.866666666667,2,20,24.066666666667,30,2,0,1,1,1,0,0,1,2,1,0,2,1,1,1,1,2,0,0,0,1,2,0,0,1,0,2,1,1,1,24,24,22,24,26,26,26,26,26,24,24,24,24,24,24,24,22,24,24,24,24,26,24,24,24,24,22,24,22,22
880177,30,1.477121254720,61,5,1,0.466666666667,2,10,26.000000000000,24,1,0,0,0,1,2,0,0,0,0,2,0,0,0,1,1,0,0,0,1,2,0,0,0,0,2,0,0,0,1,26,26,26,26,26,26,26,26,26,26,26,26,26,26,26,26,26,26,26,26,26,26,26,26,26,26,26,26,26,26
880178,27515,4.439569517147,60282,5,4,1.400000000000,4,22,25.466666666667,31,4,0,1,0,2,2,1,1,1,1,3,1,0,0,3,3,2,0,0,2,3,2,2,1,0,4,1,1,0,1,26,26,26,24,26,28,26,24,24,24,26,28,28,28,28,22,26,26,26,22,26,24,24,24,24,28,24,26,26,24
880179,80,1.903089986992,207,5,1,0.400000000000,1,12,22.533333333333,29,1,0,0,1,0,1,1,0,0,0,1,0,0,1,1,0,1,1,0,0,0,0,1,1,0,1,0,0,0,0,20,20,20,20,20,22,24,24,24,24,24,22,22,24,22,22,20,22,22,22,22,22,22,20,22,24,26,26,26,26
880180,4030,3.605305046141,8125,5,2,0.866666666667,2,18,24.666666666667,31,2,0,1,1,0,2,1,1,0,0,2,1,0,2,2,1,1,1,0,2,1,0,0,0,2,2,0,0,0,1,22,22,24,24,24,24,24,28,26,26,28,24,22,26,26,26,26,24,22,24,26,26,26,26,24,24,24,24,24,24
880181,30,1.477121254720,61,5,0,0.466666666667,2,10,24.000000000000,24,0,0,2,1,0,0,0,1,1,0,0,0,2,0,0,0,0,2,1,0,0,0,1,1,0,0,0,2,0,0,24,24,24,24,24,24,24,24,24,24,24,24,24,24,24,24,24,24,24,24,24,24,24,24,24,24,24,24,24,24
880182,75,1.875061263392,202,5,0,0.566666666667,2,14,23.533333333333,29,0,0,2,1,0,1,0,1,1,0,0,0,2,0,1,0,0,1,1,1,1,0,1,1,0,0,0,2,0,0,26,26,26,24,22,22,20,22,24,26,26,26,24,22,22,22,22,22,22,20,20,22,22,24,26,26,26,26,24,24
880183,3685,3.566437492195,7780,5,4,1.166666666667,4,22,23.200000000000,31,4,1,1,0,1,1,1,1,1,1,3,0,2,2,0,2,0,2,2,0,0,0,2,2,1,1,1,1,2,0,24,22,22,24,24,24,22,22,22,24,24,24,20,22,24,22,22,22,26,26,26,26,26,22,22,24,20,22,22,24
880184,10975,4.040404528914,27358,5,2,1.300000000000,2,24,25.600000000000,31,2,0,0,2,2,1,1,2,2,2,2,0,2,1,1,1,2,2,0,2,0,2,1,1,2,0,2,1,1,2,24,26,26,26,26,26,24,24,28,28,26,24,26,26,24,24,26,26,26,26,26,26,26,26,26,26,24,24,26,26
880185,14405,4.158513262616,30788,5,0,0.666666666667,2,14,26.533333333333,27,0,0,1,2,0,0,0,0,2,1,0,0,2,1,0,0,0,2,1,1,0,0,1,1,1,0,0,2,2,0,28,28,28,28,26,26,26,26,26,28,26,26,28,28,26,26,26,24,24,26,28,28,28,28,26,24,24,26,26,28
880186,85095,4.929904042620,216166,5,3,1.400000000000,4,27,25.933333333333,31,3,1,1,1,1,2,4,1,2,1,3,2,1,1,1,3,1,0,1,1,2,1,0,1,2,2,1,1,0,1,26,28,28,28,26,28,24,24,24,28,24,26,20,20,22,28,28,28,28,28,26,26,26,26,26,24,26,26,28,28
880187,55,1.740362689494,118,5,0,0.666666666667,2,15,24.066666666667,30,0,1,0,1,1,2,0,1,1,0,2,1,0,1,0,0,1,0,2,0,1,0,0,1,0,2,0,0,2,0,26,26,26,24,24,22,24,24,24,24,24,22,22,24,22,22,22,22,22,26,26,28,28,26,24,24,22,22,26,24
880188,955,2.980003371584,1978,5,1,0.833333333333,2,21,26.333333333333,30,1,1,1,1,0,1,1,1,2,0,1,1,0,1,0,0,2,0,1,0,1,2,1,1,0,1,0,1,2,1,28,26,26,26,24,26,26,26,26,28,26,28,28,28,26,26,26,26,26,28,28,26,26,26,26,26,26,26,26,24
880189,5,0.698970004336,12,5,0,0.000000000000,0,0,26.000000000000,5,0,0,0,0,0,0,0,0,0,0,0,0,0,0,0,0,0,0,0,0,0,0,0,0,0,0,0,0,0,0,26,26,26,26,26,26,26,26,26,26,26,26,26,26,26,26,26,26,26,26,26,26,26,26,26,26,26,26,26,26
880190,485,2.685741738602,996,5,1,0.766666666667,2,21,25.000000000000,31,1,1,0,0,2,1,2,1,0,1,1,1,0,1,1,1,0,1,0,1,1,1,1,0,1,1,0,0,1,1,26,26,24,24,24,24,24,26,24,26,26,24,22,24,26,26,28,28,26,24,26,24,22,24,24,24,26,26,26,26
880191,2290,3.359835482340,6385,5,1,0.933333333333,2,24,27.200000000000,31,1,1,0,2,1,1,2,1,1,0,1,0,2,0,0,1,1,1,1,1,1,2,1,0,1,1,1,1,1,1,28,28,28,28,26,26,26,28,28,28,28,28,28,28,28,28,28,28,28,26,28,26,26,26,26,26,26,26,26,28
880192,120,2.079181246048,247,5,1,0.633333333333,2,17,24.133333333333,29,1,1,1,0,1,0,1,0,0,2,0,1,1,0,1,0,1,2,0,0,1,1,0,0,1,1,0,1,0,1,22,22,22,24,26,26,26,24,24,24,24,24,24,26,24,24,24,26,22,22,24,24,24,24,26,24,24,24,26,24
880193,70950,4.850952399793,202021,5,0,1.200000000000,3,21,24.600000000000,31,0,0,0,3,2,1,2,3,1,2,0,1,2,1,1,0,0,3,1,1,0,0,2,2,1,1,2,0,2,2,26,26,26,24,26,20,24,22,26,24,28,26,26,24,26,24,24,26,22,24,26,26,26,28,24,26,24,22,20,22
880194,100,2.000000000000,227,5,0,0.566666666667,2,11,24.866666666667,28,0,0,0,2,0,0,2,0,0,0,0,2,0,2,1,0,0,0,2,0,0,1,0,1,1,0,1,0,2,0,26,26,26,26,22,22,26,26,26,26,26,22,22,22,26,26,26,26,26,24,24,26,24,26,26,26,24,24,24,24
880195,15,1.176091259056,30,5,0,0.400000000000,2,8,24.000000000000,13,0,0,2,0,0,0,1,0,0,0,0,1,2,0,0,0,0,2,0,0,0,1,0,0,0,0,1,2,0,0,24,24,24,24,24,24,24,24,24,24,24,24,24,24,24,24,24,24,24,24,24,24,24,24,24,24,24,24,24,24
880196,715,2.854306041801,1738,5,0,0.833333333333,2,20,26.466666666667,29,0,1,0,0,2,2,1,2,0,1,1,1,1,0,0,1,1,2,0,1,1,1,0,0,1,1,1,2,0,1,26,26,26,26,24,24,24,24,28,28,28,28,28,28,28,28,28,28,26,26,26,26,26,26,26,26,26,26,28,26
880197,95,1.977723605289,222,5,2,0.766666666667,2,19,27.866666666667,28,2,0,1,0,1,1,0,1,1,1,1,0,0,2,2,1,0,0,1,1,2,0,1,1,0,0,0,1,1,1,28,28,28,28,28,28,28,28,28,28,28,26,26,28,28,28,28,28,28,28,28,28,28,28,28,28,28,28,28,28
880198,10,1.000000000000,25,5,1,0.800000000000,2,18,25.400000000000,10,1,0,2,1,0,1,0,2,1,0,1,0,2,1,0,1,0,2,1,0,1,0,2,1,0,1,0,2,1,0,24,24,24,26,28,28,26,26,24,24,24,24,24,26,28,28,26,26,24,24,24,24,24,26,28,28,26,26,24,24
880199,65,1.812913356643,192,5,0,0.466666666667,2,11,23.733333333333,27,0,1,0,0,0,0,1,1,0,1,1,0,0,0,0,1,0,2,1,0,0,0,2,0,0,0,0,2,1,0,22,22,24,24,24,24,24,22,22,24,24,24,24,24,24,22,22,24,24,24,24,24,24,24,24,24,24,24,26,26
880200,3550,3.550228353055,7645,5,0,1.000000000000,2,20,23.133333333333,31,0,0,1,1,2,0,1,1,0,2,2,2,1,0,1,0,2,2,1,1,2,0,2,0,2,1,0,1,0,2,26,26,24,24,22,22,22,22,20,18,18,22,22,24,24,24,26,26,24,24,24,24,20,22,22,24,24,24,24,26
880201,35,1.544068044350,98,5,1,0.533333333333,2,14,26.866666666667,28,1,1,0,0,1,0,1,0,1,2,0,1,0,0,1,0,1,0,0,2,0,0,0,1,1,0,1,0,0,1,28,28,28,28,28,28,26,26,26,24,26,26,28,28,28,28,28,26,26,28,26,26,26,24,24,26,28,28,28,28
880202,1880,3.274157849264,3927,5,1,0.833333333333,3,20,23.666666666667,30,1,2,0,0,1,2,1,0,1,0,3,0,0,1,1,1,0,0,1,1,1,1,0,1,1,1,2,1,0,1,20,22,22,22,24,24,24,24,22,24,24,24,24,26,26,28,26,26,28,26,24,26,26,24,22,22,20,18,20,22
880203,25,1.397940008672,56,5,1,0.700000000000,1,21,26.333333333333,24,1,1,1,1,1,0,1,1,0,1,0,0,1,1,0,0,1,1,1,0,1,1,0,1,0,1,1,1,1,1,26,26,24,26,26,26,26,26,26,26,26,26,26,26,26,26,26,28,26,28,28,28,28,28,28,26,26,24,26,26
880204,5075,3.705436046585,13266,5,1,1.133333333333,3,22,26.333333333333,31,1,1,0,2,0,2,1,1,2,2,1,1,0,1,2,0,1,2,2,0,0,3,0,2,1,0,2,1,1,2,26,28,28,26,24,26,26,26,26,28,28,28,28,26,26,26,24,28,28,26,26,26,26,24,28,28,28,26,24,22
880205,95,1.977723605289,222,5,1,0.766666666667,2,21,27.800000000000,29,1,0,1,1,1,1,0,1,0,1,1,0,1,1,0,1,0,1,1,1,1,0,1,1,0,1,0,1,2,2,28,26,28,28,28,28,28,28,28,28,28,26,28,28,28,28,28,28,28,28,28,26,28,28,28,28,28,28,28,28
880206,2565,3.409087369448,6660,5,1,1.000000000000,3,19,24.933333333333,31,1,2,1,0,1,0,3,3,1,1,0,2,1,0,1,1,2,1,0,0,0,3,1,0,2,0,0,1,0,2,22,26,28,26,26,26,26,20,22,20,22,24,26,24,24,22,22,26,26,26,26,24,24,26,28,28,28,28,28,24
880207,26735,4.427080188436,59502,5,2,1.233333333333,3,23,25.200000000000,31,2,2,0,3,1,1,2,2,1,0,0,2,2,2,0,1,1,3,1,1,2,1,2,1,0,1,0,2,1,0,22,20,22,24,26,24,26,28,28,28,28,26,26,28,26,26,28,26,22,22,26,24,26,24,24,24,24,26,26,26
880208,370,2.568201724067,881,5,1,0.966666666667,2,23,25.333333333333,30,1,1,1,0,1,1,1,1,2,1,0,2,2,0,0,1,2,1,1,0,1,2,1,1,1,0,2,1,0,1,28,28,26,24,24,24,22,22,26,24,22,26,28,28,28,28,26,24,22,24,26,24,24,24,22,24,28,28,28,28
880209,90,1.954242509439,217,5,2,0.900000000000,2,18,27.666666666667,27,2,2,1,0,0,2,2,2,0,0,2,1,1,0,0,2,1,1,0,0,1,1,1,0,0,2,1,2,0,0,28,28,28,28,28,26,26,26,26,26,28,28,28,28,28,28,28,28,28,28,28,28,28,28,28,28,28,28,28,28
880210,985,2.993436230498,2008,5,1,0.866666666667,2,20,23.466666666667,30,1,1,1,0,0,1,2,0,0,0,2,2,0,1,2,1,0,1,1,1,1,0,2,0,1,1,0,1,1,2,24,26,26,26,26,26,24,24,24,24,24,24,22,20,20,18,20,22,24,24,22,24,22,22,24,26,26,24,24,22
880211,155,2.190331698170,410,5,0,0.533333333333,2,12,26.333333333333,28,0,0,0,2,0,0,1,0,1,2,0,0,0,0,2,0,1,0,2,1,0,0,1,1,0,0,0,0,1,1,28,28,28,28,26,26,26,24,24,26,24,24,24,24,22,24,24,26,26,28,28,28,28,28,28,28,28,28,28,28
880212,95,1.977723605289,222,5,0,0.366666666667,1,11,23.000000000000,28,0,1,0,0,0,1,0,0,1,0,0,1,0,0,0,0,1,0,1,1,1,0,1,0,0,0,0,1,1,0,20,22,24,24,24,24,22,22,24,24,24,26,26,26,26,26,24,24,22,24,22,20,20,22,22,22,22,22,20,20
880213,27280,4.435844365984,60047,5,0,1.533333333333,3,27,24.866666666667,30,0,2,2,3,1,1,2,3,3,1,0,3,2,2,1,0,3,2,1,1,1,1,1,1,1,1,3,2,1,1,20,22,24,22,22,22,20,26,28,22,24,26,24,24,24,24,26,24,26,28,28,28,28,28,26,26,22,26,28,28
880214,1895,3.277609214304,3942,5,3,1.033333333333,3,19,25.200000000000,30,3,0,1,0,0,3,0,1,0,1,2,0,2,0,1,3,1,1,0,1,1,2,1,0,2,2,1,2,0,0,24,24,24,24,24,26,24,26,26,26,24,26,24,22,24,24,24,24,26,26,28,28,28,28,26,26,26,26,24,24
880215,575,2.759667844690,1598,5,0,0.566666666667,2,12,23.866666666667,30,0,0,0,2,0,0,1,0,2,0,0,1,2,0,0,1,0,1,2,0,0,0,1,1,0,0,0,2,1,0,24,24,24,24,22,22,22,22,24,24,24,26,24,24,24,26,24,24,24,24,24,24,22,24,24,24,24,26,24,24
880216,4755,3.677150521273,12946,5,1,0.833333333333,2,19,24.800000000000,31,1,1,1,1,0,1,1,1,1,2,1,2,0,0,2,0,1,1,0,0,0,2,0,0,2,0,1,1,0,2,26,24,26,26,26,26,26,24,24,24,24,24,24,24,24,24,24,28,26,26,26,26,22,22,24,24,24,24,26,26
880217,1880,3.274157849264,3927,5,0,0.766666666667,2,18,25.000000000000,31,0,1,0,2,1,0,1,0,1,2,1,0,2,1,0,0,1,1,1,0,2,0,0,0,2,0,1,1,1,1,26,26,28,28,26,26,26,24,24,28,24,26,26,26,24,24,22,22,22,24,28,28,28,28,26,22,22,22,22,22
880218,42625,4.629664392001,108160,5,2,1.266666666667,3,22,24.800000000000,31,2,0,2,0,2,1,2,3,1,0,1,2,2,1,2,2,2,2,0,1,0,2,2,0,0,1,1,3,0,1,22,26,24,24,22,24,22,26,26,26,24,26,24,24,24,24,24,24,26,24,26,24,26,28,28,26,26,24,24,26
880219,41710,4.620240189846,107245,5,1,0.966666666667,3,21,26.666666666667,31,1,0,1,1,2,1,3,0,1,0,0,3,1,2,1,1,0,0,1,2,1,1,0,1,1,1,0,0,2,1,28,28,26,26,26,26,26,26,28,28,28,26,26,24,26,28,28,28,26,24,26,28,28,28,28,28,26,26,24,26
880220,7050,3.848189116991,15241,5,0,1.100000000000,3,22,25.000000000000,31,0,0,3,1,1,2,0,0,1,2,2,0,2,1,1,1,1,1,0,3,1,1,1,1,1,0,2,0,2,2,26,26,28,24,24,26,28,28,28,26,26,24,24,26,24,24,26,22,22,24,24,22,26,26,24,26,26,24,22,24
880221,1225,3.088136088701,3272,5,3,1.266666666667,3,23,24.333333333333,31,3,1,0,3,0,2,3,0,1,0,1,2,1,1,0,0,1,1,1,0,1,3,1,2,1,3,1,1,2,2,22,22,24,28,24,22,28,24,22,22,22,22,24,26,26,26,28,28,26,24,24,24,26,22,24,24,22,24,24,26
880222,825,2.916453948550,1848,5,1,0.566666666667,2,15,24.866666666667,30,1,1,0,0,0,0,1,0,0,1,1,0,2,1,1,0,2,1,0,0,0,1,1,1,0,0,1,0,1,0,24,22,24,24,24,24,26,24,24,26,22,22,24,26,24,24,24,26,26,26,26,26,26,26,26,26,26,26,26,26
880223,580,2.763427993563,1603,5,0,0.766666666667,2,19,23.600000000000,31,0,0,0,2,0,1,1,1,1,0,2,1,0,1,0,2,1,0,1,0,1,0,2,0,1,1,1,1,1,1,26,26,26,22,24,22,24,24,22,22,26,22,22,22,22,22,22,22,24,24,24,26,24,22,22,24,24,26,24,26
880224,1110,3.045322978787,3157,5,1,0.866666666667,2,22,24.933333333333,27,1,1,0,2,1,1,0,0,2,1,1,1,0,1,1,1,1,0,2,1,1,0,0,2,1,1,1,1,1,0,26,26,26,24,26,26,24,24,24,22,24,28,28,26,26,26,22,22,22,24,26,28,28,26,24,24,24,24,24,24
880225,25,1.397940008672,56,5,0,0.300000000000,1,9,22.666666666667,21,0,0,0,1,0,0,0,0,1,1,1,0,0,0,1,0,0,0,0,1,1,0,0,0,1,0,0,0,1,0,22,22,22,22,22,22,22,22,22,22,22,24,24,24,24,24,24,24,24,24,24,22,22,22,22,22,22,22,22,22
880226,65520,4.816373888752,131055,5,0,1.166666666667,4,22,24.733333333333,31,0,1,0,1,3,1,0,4,0,0,0,2,2,1,1,1,2,1,1,1,2,1,1,2,0,2,2,0,1,2,28,26,26,24,24,20,22,28,28,28,28,28,28,26,26,26,26,26,24,24,26,22,20,22,20,20,24,24,24,24
880227,325,2.511883360979,836,5,0,0.600000000000,2,14,24.666666666667,30,0,0,1,1,1,0,0,0,1,1,0,0,1,0,2,0,1,1,0,0,0,2,0,0,2,1,0,1,0,2,24,24,26,26,26,26,26,26,26,26,26,26,24,24,22,22,22,26,26,26,26,26,22,22,26,24,24,22,24,24
880228,180,2.255272505103,435,5,0,0.933333333333,3,19,25.133333333333,30,0,0,1,0,2,1,0,1,1,2,0,2,1,1,0,0,2,2,1,2,1,0,0,1,2,1,0,1,0,3,28,28,28,26,24,26,26,26,28,26,24,22,22,22,22,22,24,22,24,24,26,26,26,26,24,26,26,26,28,26
880229,70,1.845098040014,197,5,1,0.533333333333,2,15,28.000000000000,29,1,0,0,1,1,1,0,0,1,0,1,0,0,1,1,1,0,0,1,1,2,0,0,0,1,1,0,0,0,1,28,28,28,28,28,28,28,28,28,28,28,28,28,28,28,28,28,28,28,28,28,28,28,28,28,28,28,28,28,28
880230,1895,3.277609214304,3942,5,0,0.600000000000,2,16,25.800000000000,29,0,2,1,0,1,1,1,1,0,0,0,2,0,0,0,1,1,1,0,1,1,1,0,0,1,0,1,1,0,0,22,26,26,26,26,26,26,26,26,26,26,26,26,26,26,26,26,26,26,26,26,26,24,24,26,24,24,28,28,28
880231,25,1.397940008672,56,5,0,0.666666666667,2,10,26.733333333333,21,0,2,0,0,2,2,2,0,0,0,0,2,0,0,0,2,0,0,0,2,0,2,0,0,0,0,2,0,0,2,28,28,24,24,28,28,26,28,28,28,28,28,26,26,26,26,28,28,28,24,24,24,28,28,28,28,28,24,24,28
880232,195905,5.292045520450,458048,5,2,1.166666666667,3,19,26.533333333333,31,2,3,2,1,0,0,3,1,2,1,0,3,0,0,3,0,1,0,2,1,0,2,0,1,1,0,3,1,2,0,22,22,28,28,28,28,26,28,24,26,24,28,26,26,26,28,28,28,26,26,24,28,28,28,26,26,26,28,28,28
880233,9620,3.983175072038,26003,5,1,0.966666666667,2,22,25.333333333333,31,1,0,1,1,1,1,1,1,1,1,0,0,2,2,0,2,1,1,0,1,2,1,2,0,0,2,0,2,1,1,24,24,26,26,26,24,26,24,24,26,26,26,26,22,22,22,24,24,26,26,26,26,28,28,28,28,24,26,26,26
880234,2215,3.345373730559,6310,5,1,1.133333333333,3,21,27.333333333333,31,1,2,0,0,2,2,2,1,0,2,0,2,0,0,1,0,2,1,1,2,2,1,1,1,3,1,2,0,0,2,26,28,28,28,28,26,28,28,28,28,26,28,28,28,28,26,26,26,24,26,28,28,28,28,28,26,28,28,28,28
880235,10640,4.026941627959,27023,5,3,1.500000000000,3,27,26.200000000000,31,3,1,2,1,1,1,2,3,1,2,2,2,1,0,1,2,2,2,1,0,3,1,3,1,1,2,1,2,0,1,28,24,20,24,26,26,28,26,26,26,26,28,26,26,26,28,26,28,26,28,26,28,26,28,24,24,26,28,28,26
880236,1425,3.153814864345,3472,5,2,1.200000000000,3,23,26.400000000000,31,2,1,1,1,1,2,1,1,1,0,2,2,0,2,1,2,0,2,1,1,2,0,1,3,2,0,0,0,2,2,26,26,24,24,24,24,26,28,28,26,26,26,24,24,28,26,28,26,28,28,28,28,28,26,28,28,28,28,26,24
880237,20,1.301029995664,51,5,1,0.900000000000,2,21,26.866666666667,19,1,1,2,1,0,1,2,1,0,0,1,2,1,1,0,1,1,2,0,0,1,1,2,1,0,1,2,1,0,0,28,26,26,28,26,26,26,26,28,28,28,24,24,26,28,28,28,28,28,28,28,26,26,28,26,26,26,26,28,28
880238,7680,3.885361220032,15871,5,2,1.300000000000,4,23,25.800000000000,31,2,1,2,2,0,2,0,2,3,1,1,0,4,2,0,1,1,3,1,0,1,0,4,1,1,1,1,1,0,1,24,26,26,24,24,24,20,22,26,28,26,28,28,26,26,26,24,28,28,28,28,26,28,24,24,26,26,28,26,26
880239,1330,3.123851640967,3377,5,2,0.966666666667,3,22,25.600000000000,31,2,0,0,1,0,2,0,1,3,0,1,1,1,2,1,2,1,1,1,1,2,0,1,1,0,1,1,0,1,1,28,26,26,26,24,24,26,26,28,28,28,28,26,24,24,24,26,26,26,26,26,24,22,24,24,24,26,26,26,26
880240,2955,3.470557485217,7050,5,3,1.033333333333,3,18,25.800000000000,31,3,1,0,2,0,2,1,0,2,0,2,3,1,1,0,2,1,0,0,1,3,0,1,0,1,3,0,0,0,1,28,24,22,24,26,26,26,26,24,22,20,24,26,26,26,26,28,28,28,28,26,26,26,26,24,26,28,28,28,28
880241,11110,4.045714058941,27493,5,2,1.200000000000,3,23,23.933333333333,31,2,0,2,1,1,3,0,1,0,2,2,1,1,2,2,1,1,0,2,1,0,3,1,1,2,0,1,1,0,2,24,26,24,22,22,24,26,24,24,22,22,22,22,24,26,26,24,24,24,20,22,24,22,24,26,26,26,26,24,26
880242,30,1.477121254720,61,5,1,0.666666666667,2,16,25.333333333333,23,1,0,1,0,1,2,0,1,0,0,2,0,1,0,1,1,0,1,0,1,2,0,1,0,0,2,0,1,0,1,26,26,26,26,26,26,26,26,26,26,24,24,24,24,24,26,26,26,26,26,26,26,26,26,26,24,24,24,24,24
880243,2405,3.381115080710,6500,5,1,1.266666666667,3,24,25.266666666667,31,1,0,1,1,2,1,1,0,3,0,1,2,1,3,1,1,1,2,3,1,1,0,0,2,1,1,0,2,2,3,28,28,28,28,24,26,24,26,26,26,24,28,24,22,22,22,22,24,24,24,24,26,26,28,26,26,26,26,24,26
880244,28835,4.459919955747,61602,5,1,1.200000000000,3,23,25.600000000000,31,1,2,0,1,3,0,3,1,1,2,0,1,2,0,2,2,1,2,1,2,0,0,2,2,1,1,0,1,1,1,22,26,24,24,24,22,22,24,26,28,28,28,28,24,24,26,26,24,28,28,26,26,24,22,26,28,28,28,28,26
880245,55065,4.740875643560,120600,5,0,1.266666666667,3,23,25.933333333333,31,0,0,1,3,1,0,1,1,3,0,1,3,2,2,1,3,1,2,2,0,1,1,2,1,0,1,1,3,1,0,28,28,28,26,26,28,28,26,28,24,22,22,24,24,26,28,26,22,24,26,26,28,28,28,28,26,28,26,22,24
880246,4865,3.687082844604,13056,5,0,1.000000000000,2,22,26.266666666667,31,0,1,1,0,2,1,1,2,0,2,0,2,0,1,1,1,1,1,2,1,2,1,2,1,0,1,0,1,0,2,26,26,28,26,26,26,26,28,26,26,26,26,26,24,26,26,26,26,26,24,22,26,26,28,28,28,28,28,28,26
880247,21235,4.327052265327,54002,5,2,1.300000000000,3,22,25.533333333333,31,2,1,2,0,2,1,2,1,3,0,1,1,0,3,0,3,0,1,2,2,2,0,0,1,2,1,0,2,1,3,22,26,24,26,28,26,28,28,24,26,26,26,26,24,24,26,26,26,28,22,24,26,26,28,28,26,26,24,24,22
880248,1810,3.257678574869,3857,5,0,1.066666666667,4,20,24.800000000000,31,0,1,2,1,2,0,0,0,2,4,1,1,1,0,1,1,2,1,0,0,0,3,1,1,3,0,2,1,0,1,22,22,22,22,26,26,26,26,26,24,24,24,24,24,22,22,26,26,28,28,28,28,24,24,22,24,24,26,26,28
880249,355,2.550228353055,866,5,1,0.900000000000,3,18,24.600000000000,29,1,0,2,2,0,0,0,2,2,0,0,1,3,1,1,0,0,1,2,1,0,1,1,1,0,0,1,3,1,0,26,24,24,24,26,26,26,24,26,24,24,24,22,22,24,26,26,26,24,26,24,24,26,26,24,24,24,24,24,24
880250,10,1.000000000000,25,5,1,0.800000000000,1,24,26.400000000000,10,1,1,1,0,1,1,1,1,0,1,1,1,1,0,1,1,1,1,0,1,1,1,1,0,1,1,1,1,0,1,26,24,26,26,26,26,28,28,28,26,26,24,26,26,26,26,28,28,28,26,26,24,26,26,26,26,28,28,28,26
880251,4265,3.629919035504,12456,5,0,0.866666666667,2,22,25.333333333333,31,0,1,2,1,1,1,1,0,0,2,0,1,2,1,1,0,1,1,1,1,1,1,1,0,1,0,1,2,0,1,26,26,26,24,26,26,28,28,28,26,24,26,28,26,24,26,26,28,26,26,22,22,20,22,22,24,26,26,26,26
880252,23090,4.363423932917,55857,5,1,0.966666666667,3,17,24.133333333333,31,1,2,0,2,1,2,3,1,0,2,0,0,2,0,3,0,0,0,2,1,0,1,0,0,1,1,0,0,1,3,26,26,22,18,20,24,26,24,24,26,24,24,24,20,24,26,26,26,26,22,22,24,24,24,24,24,26,26,26,26
880253,175,2.243038048686,430,5,1,0.800000000000,2,21,25.533333333333,30,1,0,1,1,1,0,1,1,2,1,1,0,0,2,0,1,0,1,1,1,0,1,1,0,1,1,0,1,2,1,24,26,26,26,26,26,26,26,26,26,26,24,24,24,24,24,26,26,26,26,26,26,26,26,26,26,24,24,26,28
880254,2125,3.327358934386,6220,5,3,1.000000000000,3,20,25.133333333333,31,3,0,0,3,0,1,0,1,2,1,3,0,1,1,0,1,1,1,1,1,0,0,2,2,0,0,1,1,2,1,28,24,24,26,28,28,28,28,24,24,26,26,26,28,26,26,24,24,26,28,26,26,28,24,22,22,22,20,20,22
880255,890,2.949390006645,1913,5,1,0.666666666667,2,16,27.866666666667,28,1,1,2,1,0,0,0,1,1,0,1,0,2,0,0,1,1,1,0,0,1,1,2,0,0,1,0,2,0,0,28,28,28,28,28,28,28,28,28,28,28,28,28,28,28,28,26,26,28,28,28,28,28,28,28,28,28,28,28,28
880256,1025,3.010723865392,3072,5,0,1.000000000000,3,21,25.000000000000,31,0,1,0,0,3,1,0,1,1,2,3,1,1,0,2,2,1,2,1,1,0,0,1,1,1,1,2,0,0,1,26,26,24,24,24,24,22,22,22,20,24,24,24,26,24,24,24,22,24,28,28,28,28,26,24,26,28,28,28,28
880257,965,2.984527313344,1988,5,0,0.733333333333,2,17,25.266666666667,29,0,1,1,0,1,0,1,1,0,0,2,0,0,0,0,2,1,1,0,1,0,2,0,1,2,1,1,2,0,1,24,24,24,24,26,26,26,28,26,26,26,28,28,28,28,24,26,24,26,24,24,24,24,24,24,26,24,26,24,22
880258,180,2.255272505103,435,5,1,0.833333333333,2,19,24.666666666667,29,1,1,1,1,0,0,1,1,1,1,2,1,2,0,0,0,0,2,0,0,2,1,1,0,0,2,1,2,0,1,26,24,26,24,24,24,24,24,24,24,24,26,22,26,26,26,26,24,24,24,26,24,26,26,26,26,26,24,22,22
880259,2335,3.368286884902,6430,5,0,0.900000000000,2,21,26.933333333333,31,0,2,1,1,1,1,0,1,2,1,0,1,1,0,2,0,2,1,1,1,0,1,2,0,2,1,1,1,0,0,26,28,26,26,28,28,26,26,26,26,28,28,28,28,28,26,26,26,26,26,28,28,26,26,26,26,28,28,28,28
880260,75,1.875061263392,202,5,0,0.466666666667,2,12,27.266666666667,28,0,1,1,0,0,0,0,1,0,0,0,1,1,0,0,1,1,0,0,0,2,1,0,0,1,2,1,0,0,0,28,28,28,28,28,28,28,28,28,28,28,28,28,26,26,28,28,28,28,28,26,26,26,26,28,26,26,26,26,26
880261,4705,3.672559627763,12896,5,0,0.800000000000,3,20,26.866666666667,28,0,3,0,0,1,1,1,1,0,0,1,1,1,0,1,1,2,1,1,1,0,1,1,1,1,0,2,0,1,0,28,26,28,28,28,28,28,28,28,28,28,28,28,28,28,28,26,24,22,26,26,26,26,28,26,26,26,26,26,26
880262,465,2.667452952890,976,5,0,0.900000000000,3,21,25.066666666667,31,0,2,1,1,0,1,1,1,1,0,2,1,0,3,0,1,1,0,1,1,2,0,1,1,0,1,1,0,2,1,22,24,26,24,26,26,28,26,24,24,24,20,22,24,22,22,26,26,26,28,26,26,26,28,28,28,26,26,24,24
880263,235,2.371067862272,490,5,2,1.066666666667,3,21,23.666666666667,31,2,1,1,1,0,1,1,0,1,1,3,0,3,0,0,2,0,2,1,2,0,0,2,1,1,1,0,3,1,1,26,24,26,24,24,26,26,26,24,26,22,18,22,22,22,24,24,24,22,22,22,22,26,24,26,24,24,24,22,22
880264,18605,4.269629674358,51372,5,1,0.966666666667,3,24,25.400000000000,31,1,0,0,2,1,1,1,1,1,1,0,2,0,1,1,1,2,1,1,1,1,0,3,1,1,0,1,1,1,1,26,26,26,24,22,24,26,26,26,26,26,28,26,26,26,28,24,24,24,26,22,24,22,24,26,28,26,26,28,26
880265,3095,3.490660653356,7190,5,0,0.933333333333,3,20,25.933333333333,31,0,1,0,1,3,0,2,0,1,1,1,1,1,1,3,0,1,0,0,2,0,2,0,1,0,1,1,1,1,2,26,26,26,24,26,22,24,26,26,28,28,28,26,26,26,24,24,26,26,24,26,26,26,28,28,28,26,26,26,26
880266,1460,3.164352855784,3507,5,0,0.833333333333,2,19,25.866666666667,30,0,1,0,0,2,0,1,1,1,1,1,0,2,1,0,0,1,1,0,0,1,2,0,1,2,2,2,0,1,1,26,28,26,26,26,24,24,28,26,26,24,22,24,28,26,26,28,28,26,26,28,26,24,24,24,26,24,26,28,28
880267,10,1.000000000000,25,5,1,0.400000000000,1,12,22.000000000000,9,1,0,0,1,0,1,0,0,1,0,1,0,0,1,0,1,0,0,1,0,1,0,0,1,0,1,0,0,1,0,22,22,22,22,22,22,22,22,22,22,22,22,22,22,22,22,22,22,22,22,22,22,22,22,22,22,22,22,22,22
880268,12905,4.110758008880,29288,5,0,1.200000000000,3,19,23.866666666667,31,0,3,0,1,0,3,1,2,0,0,1,1,3,0,2,0,0,2,1,2,1,0,3,2,0,0,1,3,3,1,24,26,28,26,24,22,24,20,24,24,24,22,22,22,24,26,26,24,22,20,20,20,24,26,26,26,26,24,24,26
880269,1525,3.183269843683,3572,5,1,1.100000000000,3,22,27.000000000000,31,1,0,1,2,3,0,1,1,0,2,1,2,1,0,0,2,1,1,0,2,1,0,1,1,3,2,1,0,1,2,28,28,28,26,28,26,26,28,28,26,26,24,26,28,28,28,26,28,28,28,28,26,24,26,28,26,26,28,28,28
880270,170,2.230448921378,425,5,1,0.766666666667,2,18,23.066666666667,31,1,1,1,0,2,0,1,0,0,2,1,0,0,1,1,1,0,2,0,1,0,0,1,1,2,0,1,1,0,2,22,22,20,22,22,22,24,24,24,24,24,24,24,24,24,22,22,20,22,24,26,26,26,26,24,22,22,22,20,22
880271,3350,3.525044807037,7445,5,1,0.800000000000,2,18,26.200000000000,30,1,0,1,1,2,0,1,2,0,1,1,2,1,0,1,0,0,2,0,1,0,1,1,0,2,0,2,1,0,0,28,28,26,28,26,24,26,28,26,26,28,26,26,26,28,26,26,26,24,24,26,26,24,26,24,26,24,28,28,28
880272,160,2.204119982656,415,5,0,0.633333333333,2,16,26.400000000000,30,0,0,0,2,0,0,0,1,1,2,1,0,1,0,1,0,1,1,1,1,0,0,0,1,1,0,1,2,0,1,28,28,28,28,28,28,28,26,26,24,24,24,24,26,28,26,26,26,26,28,28,28,28,28,26,26,26,26,24,22
880273,9145,3.961183709812,25528,5,3,1.066666666667,3,19,25.533333333333,31,3,1,0,0,0,3,2,3,0,0,0,1,3,1,2,0,1,1,3,0,1,1,0,1,1,0,1,2,1,0,24,26,26,26,26,22,20,26,28,28,28,28,24,22,24,26,24,26,24,22,24,28,28,28,28,26,24,26,26,28
880274,685,2.835690571492,1708,5,1,0.833333333333,3,21,21.733333333333,30,1,0,1,1,3,1,1,0,2,0,0,1,0,2,1,1,1,1,1,0,1,0,1,1,0,1,1,1,1,0,20,20,18,18,22,24,22,24,24,24,24,24,22,22,22,20,20,22,22,22,22,22,22,22,22,22,22,22,20,20
880275,320,2.505149978320,831,5,2,0.833333333333,3,20,25.266666666667,28,2,1,0,1,1,0,1,0,1,1,2,0,1,1,0,1,2,1,0,1,1,1,0,0,1,0,3,0,1,1,26,26,26,28,28,28,28,28,26,26,24,24,22,26,24,24,26,24,22,24,26,26,26,26,24,24,28,24,22,22
880276,4545,3.657533887558,12736,5,0,0.866666666667,2,21,25.066666666667,31,0,1,1,0,1,0,2,0,1,1,1,2,2,1,1,1,0,2,1,1,0,2,1,1,1,0,1,0,0,1,26,28,28,28,26,26,24,22,22,26,24,24,26,24,24,24,24,24,22,22,22,26,26,26,26,26,26,26,26,28
880277,455,2.658011396657,966,5,0,0.766666666667,2,21,24.733333333333,31,0,1,0,0,2,1,0,1,0,1,1,1,1,1,1,1,1,1,0,2,0,0,1,1,1,0,1,1,1,1,26,26,26,26,24,24,24,24,24,24,26,24,26,22,24,24,26,24,24,26,26,26,26,24,24,24,24,24,24,26
880278,15,1.176091259056,30,5,1,0.666666666667,2,18,25.466666666667,15,1,1,0,1,1,0,1,0,2,0,1,0,0,1,1,1,1,0,1,1,0,1,0,2,0,1,0,0,1,1,28,26,24,26,26,26,24,26,24,24,24,26,26,26,26,28,26,24,26,26,26,24,26,24,24,24,26,26,26,26
880279,140,2.146128035678,395,5,1,0.633333333333,2,17,24.933333333333,30,1,1,2,1,0,0,1,2,0,0,1,0,1,1,0,1,1,1,0,0,1,1,1,0,0,0,1,1,0,0,24,24,24,24,26,26,26,26,24,24,26,26,26,26,24,22,24,24,26,26,26,26,26,24,24,24,24,24,26,26
880280,27690,4.442322955746,60457,5,0,1.200000000000,4,20,27.066666666667,31,0,0,3,1,0,0,3,2,2,0,0,2,4,0,1,1,2,1,0,1,0,2,2,2,1,1,0,3,1,1,28,28,28,28,26,26,28,26,28,28,28,28,24,24,24,24,28,28,26,28,28,26,28,28,28,28,28,26,28,28
880281,95,1.977723605289,222,5,0,0.466666666667,2,13,25.666666666667,27,0,1,0,2,0,0,1,1,0,0,1,0,0,0,1,0,1,0,0,0,0,1,0,0,1,1,0,1,1,1,26,24,24,24,24,24,26,26,24,24,26,28,28,28,26,26,26,26,26,26,26,26,26,26,28,26,24,24,26,26
880282,805,2.905795880368,1828,5,2,1.100000000000,3,22,23.866666666667,30,2,3,2,2,0,0,0,2,2,1,0,1,1,1,1,1,0,2,1,1,0,0,2,1,1,1,1,2,2,0,24,26,22,24,22,22,22,22,24,22,24,22,24,24,24,22,24,24,26,26,26,26,26,24,24,26,24,26,22,22
880283,30,1.477121254720,61,5,2,0.866666666667,3,18,22.800000000000,29,2,0,3,0,0,1,0,3,1,2,1,0,1,1,0,2,0,1,0,0,1,0,1,1,0,1,0,1,1,2,18,20,26,26,26,26,24,22,20,20,22,22,24,22,22,20,22,24,26,26,26,24,22,22,22,24,24,22,20,20
880284,455,2.658011396657,966,5,0,0.966666666667,2,22,24.533333333333,31,0,1,1,0,2,0,1,1,1,1,2,0,0,0,2,1,1,1,1,2,2,1,0,1,1,1,1,0,2,2,28,28,26,24,24,26,26,24,20,22,24,26,26,26,26,22,22,22,24,24,24,26,26,26,26,26,22,22,24,24
880285,125,2.096910013008,252,5,1,0.766666666667,2,18,24.533333333333,29,1,2,0,0,1,0,2,0,0,1,1,1,0,0,1,2,0,1,0,0,2,0,1,0,1,2,1,1,1,1,26,24,24,24,24,24,24,24,24,24,24,26,26,26,26,26,24,24,24,24,24,26,26,26,26,26,22,22,22,24
880286,1095,3.039414119176,3142,5,0,0.933333333333,2,19,26.533333333333,31,0,1,2,0,1,1,0,2,1,1,2,1,2,2,0,0,0,2,2,0,1,1,2,0,1,1,2,0,0,0,28,28,28,28,28,26,28,26,26,26,26,24,24,26,28,28,28,28,26,24,24,26,26,28,26,28,26,26,26,26
880287,110,2.041392685158,237,5,4,0.866666666667,4,16,24.266666666667,31,4,0,0,1,0,2,0,0,2,0,3,1,2,0,1,0,1,0,1,1,2,1,0,0,0,2,0,1,1,0,22,26,26,26,24,24,20,20,22,24,22,24,22,22,22,24,26,26,24,24,26,26,26,26,26,24,24,24,28,28
880288,1310,3.117271295656,3357,5,1,0.666666666667,2,18,24.200000000000,31,1,0,1,1,1,2,0,0,0,1,1,0,0,1,0,1,0,1,0,1,1,0,2,0,1,1,1,1,0,1,24,24,22,24,22,24,24,24,24,24,24,24,24,24,26,26,26,26,24,24,22,20,24,26,26,26,26,24,24,24
880289,12035,4.080446094611,28418,5,2,0.933333333333,2,19,24.066666666667,31,2,1,1,0,1,1,2,1,0,0,0,2,2,2,0,0,0,1,2,1,2,2,0,0,1,0,1,0,1,2,24,24,24,26,26,24,24,22,22,22,22,22,24,22,24,24,24,22,22,24,26,26,24,24,26,26,26,26,26,24
880290,30,1.477121254720,61,5,0,0.466666666667,2,12,22.733333333333,27,0,0,0,0,1,0,0,0,1,0,1,0,1,0,0,1,0,2,1,0,0,0,1,1,0,0,0,2,1,1,24,24,24,24,24,22,22,22,20,20,22,24,24,24,24,22,22,20,22,22,22,22,24,24,24,24,24,22,22,22
880291,100,2.000000000000,227,5,2,0.900000000000,3,18,24.133333333333,31,2,1,1,1,1,2,0,0,2,1,0,0,0,3,0,1,1,1,2,0,2,0,0,2,0,1,0,1,2,0,24,24,22,24,24,26,24,24,24,24,24,24,24,24,22,22,26,26,22,24,24,24,24,26,26,26,24,24,24,24
880292,90,1.954242509439,217,5,1,0.800000000000,2,22,27.333333333333,31,1,0,1,1,1,1,1,1,0,1,0,1,1,1,1,1,1,1,0,1,0,2,0,1,0,0,2,1,1,1,28,28,28,28,28,28,28,28,28,28,28,28,28,28,28,26,26,26,26,26,28,26,26,26,26,26,28,28,28,28
880293,245,2.389166084365,500,5,1,0.733333333333,2,17,22.600000000000,31,1,2,1,2,1,0,0,1,1,2,0,1,0,1,0,0,0,1,0,2,0,1,0,1,0,0,2,1,1,0,24,22,22,24,26,24,24,24,22,20,22,20,22,22,24,24,24,22,22,20,22,22,24,24,22,22,24,22,20,22
880294,405,2.607455023215,916,5,0,0.700000000000,2,16,23.733333333333,29,0,1,2,0,0,0,0,2,2,1,2,0,0,1,0,1,1,0,2,1,0,1,0,1,0,0,1,0,1,1,22,20,24,24,24,24,24,22,20,22,22,24,24,26,26,26,24,24,24,24,24,24,26,26,24,24,24,22,22,26
880295,575,2.759667844690,1598,5,0,0.733333333333,2,19,24.866666666667,29,0,1,1,2,0,0,1,1,1,0,1,0,1,1,0,1,1,1,2,0,0,1,1,1,0,0,1,2,0,1,26,24,26,24,24,24,26,24,26,26,26,24,26,24,24,24,24,22,24,24,24,26,28,28,28,28,26,22,22,22
880296,1375,3.138302698166,3422,5,0,1.166666666667,4,18,25.266666666667,31,0,0,3,2,1,0,3,1,1,0,0,3,4,0,0,0,1,4,1,1,0,2,1,1,1,0,3,2,0,0,28,28,28,28,24,22,24,26,26,26,26,24,24,24,24,24,26,24,24,26,26,26,26,26,24,22,24,26,26,26
880297,99960,4.999826247454,231031,5,0,1.333333333333,3,22,24.866666666667,31,0,0,3,2,2,0,3,2,0,0,2,2,1,1,2,1,3,2,2,1,0,3,1,1,1,2,1,0,0,2,24,24,24,22,22,22,26,26,26,26,26,26,24,24,24,22,26,24,24,22,22,26,26,26,26,28,28,26,26,28
880298,35280,4.547528576460,100815,5,1,0.866666666667,2,21,25.200000000000,31,1,1,0,2,1,2,0,0,1,0,2,0,1,1,1,1,0,1,1,1,1,0,1,1,1,0,2,1,0,2,26,24,26,24,22,24,24,24,26,26,26,26,24,26,26,26,24,26,26,26,26,28,28,28,24,24,26,24,22,24
880299,115,2.060697840354,242,5,1,0.700000000000,2,17,27.400000000000,30,1,0,1,0,2,1,1,0,1,0,0,1,1,1,1,0,1,0,2,0,0,1,1,0,2,1,0,0,0,2,28,28,26,26,26,28,26,28,28,28,28,28,28,28,28,28,28,28,28,28,28,28,24,24,26,28,28,28,28,28
880300,20185,4.305028753746,52952,5,3,1.033333333333,3,22,23.533333333333,31,3,0,0,1,0,3,0,1,1,1,1,0,1,3,0,1,1,0,1,2,1,0,1,1,2,1,1,1,2,1,26,24,24,24,24,20,24,24,24,24,24,22,22,24,22,24,28,28,26,28,24,22,22,22,20,22,22,22,20,24
880301,1010,3.004321373783,2033,5,0,0.966666666667,2,22,24.466666666667,30,0,1,0,0,2,2,1,1,1,1,2,0,2,0,1,0,1,1,1,1,1,1,1,1,2,2,1,2,0,0,26,26,26,26,26,24,22,22,22,24,22,24,24,26,24,24,24,24,22,24,24,24,26,26,26,24,24,26,26,26
880302,850,2.929418925714,1873,5,0,0.933333333333,3,20,24.733333333333,31,0,2,1,2,0,1,1,0,2,2,0,0,1,1,2,0,1,1,0,3,0,1,0,1,1,1,1,0,1,2,24,22,24,24,26,26,26,26,24,26,24,24,26,26,24,26,26,24,24,24,26,24,26,24,22,24,26,24,24,26
880303,9485,3.977037335225,25868,5,2,1.166666666667,3,21,24.533333333333,30,2,0,1,1,2,2,1,0,0,2,1,1,1,0,3,2,0,0,1,1,2,0,1,2,3,0,1,3,0,2,22,24,24,26,24,24,26,26,26,26,28,26,24,24,20,26,26,26,26,24,22,24,24,26,26,22,22,24,24,24
880304,15,1.176091259056,30,5,0,0.400000000000,1,12,27.333333333333,14,0,0,1,1,0,0,1,0,0,0,0,1,1,1,0,0,0,1,1,0,0,1,0,0,0,0,1,1,1,0,26,26,26,28,28,28,28,28,28,28,28,28,28,26,26,26,26,26,28,28,28,28,28,28,28,28,28,28,26,26
880305,25,1.397940008672,56,5,1,0.700000000000,3,16,27.333333333333,25,1,1,0,1,0,1,2,0,0,1,1,2,0,0,0,1,3,0,0,1,2,0,0,1,0,1,1,0,1,0,28,28,28,26,26,26,28,28,28,26,28,28,28,28,28,28,28,26,26,28,28,26,26,28,28,28,28,28,26,26
880306,30,1.477121254720,61,5,1,0.466666666667,1,14,26.000000000000,23,1,0,0,1,1,0,0,0,1,1,1,0,0,1,0,1,0,0,1,1,0,0,0,1,1,1,0,0,1,0,26,26,26,26,26,26,26,26,26,26,26,26,26,26,26,26,26,26,26,26,26,26,26,26,26,26,26,26,26,26
880307,15,1.176091259056,30,5,0,0.266666666667,1,8,21.333333333333,13,0,0,1,0,0,0,0,1,1,0,0,0,0,1,0,0,0,1,0,0,0,0,1,1,0,0,0,0,1,0,20,20,20,22,22,22,22,22,22,22,22,22,22,20,20,20,20,20,22,22,22,22,22,22,22,22,22,22,20,20
880308,545,2.736396502277,1568,5,0,0.933333333333,3,20,24.133333333333,31,0,0,0,3,1,1,1,1,1,0,0,1,1,2,1,1,1,0,1,1,0,2,0,3,1,2,1,2,0,0,26,26,26,24,20,20,22,24,26,26,26,26,24,22,26,24,24,24,24,22,24,22,24,24,28,22,24,22,26,26
880309,280,2.447158031342,791,5,1,0.633333333333,2,16,22.200000000000,31,1,0,1,1,0,1,1,0,0,0,2,0,1,2,0,0,1,1,1,0,2,0,0,1,1,0,0,1,1,0,20,20,22,22,22,24,24,26,26,26,22,20,18,22,20,20,22,22,18,18,22,22,22,24,26,24,24,24,22,22
880310,1365,3.135132651377,3412,5,0,0.866666666667,2,20,25.600000000000,30,0,1,1,1,0,1,2,0,1,0,1,2,1,1,0,0,1,1,1,0,1,2,0,2,2,1,2,0,1,0,28,28,28,24,24,26,24,26,28,28,28,26,26,26,26,26,26,26,26,26,28,28,24,20,18,20,22,26,28,28
880311,535,2.728353782021,1558,5,0,0.800000000000,2,18,26.066666666667,30,0,1,2,0,1,1,2,0,0,0,1,2,1,0,2,0,1,1,1,1,0,0,2,1,1,1,2,0,0,0,24,26,26,26,26,28,26,26,26,26,26,28,26,26,26,26,24,26,26,26,24,24,26,26,24,26,28,28,28,28
880312,13015,4.114444172445,29398,5,1,1.000000000000,2,22,25.000000000000,30,1,2,1,0,2,0,1,1,0,2,1,1,2,0,2,2,1,1,0,1,1,2,0,0,1,1,2,1,0,1,26,26,24,24,26,26,26,26,26,24,22,22,26,24,22,22,26,24,26,26,24,24,26,26,26,28,28,26,24,24
880313,10,1.000000000000,25,5,1,0.600000000000,1,18,28.000000000000,9,1,1,0,1,0,1,1,0,1,0,1,1,0,1,0,1,1,0,1,0,1,1,0,1,0,1,1,0,1,0,28,28,28,28,28,28,28,28,28,28,28,28,28,28,28,28,28,28,28,28,28,28,28,28,28,28,28,28,28,28
880314,95,1.977723605289,222,5,0,0.600000000000,2,16,22.066666666667,29,0,2,1,1,1,0,0,0,1,1,0,0,1,1,1,0,0,0,1,1,0,2,0,1,0,0,1,0,1,1,20,20,20,20,22,24,24,24,24,22,20,20,20,20,24,26,26,26,26,22,20,20,20,20,22,22,22,22,22,22
880315,9005,3.954483717156,25388,5,2,1.100000000000,3,24,25.266666666667,31,2,0,2,1,1,0,1,1,1,1,0,2,2,0,3,0,1,2,1,1,1,1,2,1,1,0,2,1,1,1,24,24,24,28,28,26,26,26,28,26,26,24,20,22,22,24,22,28,26,26,26,26,28,28,26,26,24,24,24,26
880316,20,1.301029995664,51,5,1,0.633333333333,2,16,22.600000000000,20,1,2,0,1,0,1,0,1,1,0,0,1,1,0,0,2,1,0,0,0,1,2,0,1,0,1,0,1,1,0,24,22,20,20,22,22,22,22,24,22,22,24,26,24,24,22,24,24,24,24,24,22,20,20,22,22,22,22,24,22
880317,40,1.602059991328,103,5,1,0.766666666667,3,19,25.200000000000,28,1,0,1,1,1,1,0,1,0,1,3,1,1,0,0,1,1,1,0,0,3,0,1,1,0,1,0,1,1,0,26,26,26,24,24,24,24,24,24,24,24,26,26,26,26,26,26,26,26,26,26,24,24,26,26,26,26,26,24,24
880318,6060,3.782472624166,14251,5,0,0.900000000000,2,20,26.000000000000,31,0,1,1,1,0,1,0,2,0,2,1,2,0,1,1,2,1,0,1,0,2,1,1,1,0,0,2,1,2,0,26,26,28,28,26,28,28,26,24,26,28,26,26,24,24,24,24,24,24,26,28,26,26,28,26,26,26,26,26,26
880319,58985,4.770741583753,124520,5,1,1.100000000000,3,21,25.800000000000,31,1,0,1,2,1,1,1,2,1,3,0,1,0,1,2,0,2,0,3,1,0,0,2,2,1,0,2,0,2,1,28,26,26,26,26,24,28,26,26,26,28,28,28,28,26,26,24,24,26,28,26,26,24,22,22,24,26,26,24,26
880320,470,2.672097857936,981,5,0,0.533333333333,2,13,27.066666666667,31,0,0,1,1,2,0,1,0,0,2,0,1,0,0,1,1,0,0,0,2,0,0,0,1,1,0,0,1,0,1,28,28,26,26,24,26,26,26,26,26,26,26,28,28,28,28,28,28,28,28,28,28,28,28,28,28,28,26,26,26
880321,1245,3.095169351432,3292,5,1,0.966666666667,2,19,25.133333333333,31,1,1,0,1,0,1,2,0,2,0,1,2,1,2,1,0,2,2,2,0,2,2,0,0,0,2,1,0,1,0,24,24,26,26,26,26,26,24,24,24,22,24,24,26,26,24,26,26,22,22,24,28,28,28,28,26,24,24,26,26
880322,60,1.778151250384,123,5,1,0.566666666667,2,15,23.666666666667,28,1,1,0,0,0,1,1,1,0,1,1,1,0,0,0,2,0,0,0,0,2,1,0,0,1,1,0,1,0,1,24,20,22,22,22,22,26,24,24,22,24,22,24,24,24,24,26,26,26,26,26,24,22,22,24,22,24,24,24,24
880323,74990,4.875003353600,206061,5,1,1.433333333333,3,26,24.200000000000,31,1,2,1,1,2,3,1,1,0,1,3,3,2,2,2,0,1,1,1,1,1,2,1,1,2,0,0,3,1,3,28,26,24,24,22,26,26,26,26,26,26,20,22,20,26,24,22,24,24,22,24,24,22,24,26,26,26,28,24,18
880324,14415,4.158814646724,30798,5,3,1.066666666667,3,20,25.466666666667,31,3,0,1,0,1,2,0,2,0,1,2,0,3,0,0,2,1,2,2,2,1,0,0,1,1,1,1,1,0,2,26,26,26,26,28,26,26,26,28,26,24,24,24,24,24,26,24,24,24,24,26,26,26,26,26,26,24,24,26,28
880325,40,1.602059991328,103,5,2,0.533333333333,2,11,25.800000000000,27,2,0,0,0,0,2,0,0,0,1,1,0,0,0,1,2,0,1,0,1,1,0,2,0,0,0,0,2,0,0,26,26,26,26,26,26,26,26,26,26,26,26,26,26,26,24,24,24,26,26,26,26,24,26,26,26,26,28,26,26
880326,3595,3.555698894719,7690,5,1,1.333333333333,4,22,25.933333333333,27,1,2,0,4,1,2,1,0,3,0,2,1,0,3,1,1,1,0,3,1,2,1,0,3,0,2,1,0,3,1,28,24,24,22,28,28,28,26,24,26,26,26,26,24,26,26,28,26,24,26,26,26,26,24,28,28,28,26,24,26
880327,12165,4.085112113267,28548,5,2,1.100000000000,3,23,25.666666666667,31,2,0,1,1,1,2,0,2,1,0,2,0,2,1,0,1,1,1,1,0,3,1,1,1,1,3,2,0,1,1,24,24,24,24,24,24,24,26,26,26,26,28,28,28,28,28,26,26,26,26,24,28,26,24,26,22,24,26,26,28
880328,185,2.267171728403,440,5,0,0.533333333333,2,14,27.000000000000,31,0,0,2,0,1,2,1,1,0,0,0,1,0,1,0,0,1,1,0,0,0,1,1,1,0,0,1,1,0,0,28,28,26,24,24,28,28,26,28,28,28,26,26,26,26,26,28,28,28,28,28,28,28,28,26,26,28,28,26,26
880329,7315,3.864214330461,15506,5,1,0.566666666667,2,13,26.400000000000,29,1,1,0,0,0,2,0,0,2,0,1,0,0,1,0,1,0,0,2,0,1,0,0,1,0,2,1,1,0,0,28,28,26,26,26,26,22,22,26,26,26,28,28,28,28,28,26,26,24,26,26,28,28,26,26,24,26,28,28,28
880330,21805,4.338556091009,54572,5,0,1.166666666667,3,23,24.933333333333,31,0,2,1,2,2,1,0,2,2,2,0,1,1,0,2,0,2,1,1,1,1,1,1,0,2,3,0,1,2,1,26,28,26,24,28,26,26,26,28,26,24,22,24,22,20,22,24,24,24,24,28,28,28,26,26,22,24,24,24,24
880331,2240,3.350248018334,6335,5,0,0.966666666667,3,20,25.000000000000,30,0,3,0,1,1,1,1,1,1,2,1,2,1,2,0,0,0,0,2,1,0,1,2,1,1,0,2,0,2,0,24,26,24,22,26,26,28,28,28,24,26,24,26,26,24,24,24,24,24,26,24,26,26,26,26,26,24,24,22,22
880332,1165,3.066325925362,3212,5,1,1.033333333333,3,20,23.933333333333,31,1,1,2,2,0,1,0,0,3,1,2,1,1,3,1,0,0,0,2,1,1,1,0,1,1,3,2,0,0,0,20,20,24,24,24,26,24,24,24,20,22,20,22,22,26,26,26,26,24,22,24,28,28,26,26,24,24,24,24,24
880333,35,1.544068044350,98,5,1,0.466666666667,1,14,24.066666666667,28,1,0,0,0,0,1,0,0,1,0,1,0,1,0,1,1,0,0,1,1,0,0,0,1,1,1,0,1,0,1,24,26,26,26,26,24,22,22,24,24,22,24,24,22,22,26,24,24,26,26,24,24,24,22,22,22,24,24,26,26
880334,7300,3.863322860120,15491,5,0,1.033333333333,3,20,25.733333333333,31,0,2,2,0,0,1,2,2,1,0,1,2,1,0,0,3,2,0,1,1,1,1,1,2,1,2,2,0,0,0,26,24,26,24,24,24,24,24,28,26,26,26,26,24,24,28,26,26,26,26,26,26,26,26,24,24,28,28,28,28
880335,8395,3.924020700474,24778,5,1,0.833333333333,2,21,24.800000000000,31,1,2,1,1,0,1,0,0,2,0,1,1,1,2,1,1,0,1,1,0,1,1,1,2,0,1,0,1,0,1,20,24,24,24,24,26,24,24,24,24,22,24,24,22,24,24,24,26,26,26,26,26,26,26,28,28,26,26,26,26
880336,540,2.732393759823,1563,5,0,0.533333333333,2,14,26.133333333333,29,0,0,1,0,0,1,1,0,0,1,1,0,1,0,1,1,2,0,0,0,0,2,0,0,1,1,0,1,0,1,28,28,28,28,28,28,28,26,26,28,26,26,26,26,24,26,24,24,24,24,24,26,26,26,28,26,26,26,26,24
880337,30,1.477121254720,61,5,1,0.466666666667,1,14,23.000000000000,23,1,0,0,1,0,1,0,0,1,1,0,0,0,1,1,1,0,0,1,0,1,0,0,1,1,0,0,0,1,1,24,22,22,22,22,22,24,24,24,24,24,24,24,22,22,24,22,22,22,22,22,24,24,24,24,22,22,22,24,24
880338,3150,3.498310553790,7245,5,1,0.666666666667,2,17,24.133333333333,30,1,1,0,1,1,0,1,0,1,0,0,2,1,0,1,1,0,1,1,0,0,1,0,2,0,1,0,0,1,2,26,24,22,22,22,22,24,26,26,24,24,24,24,24,26,26,24,26,26,26,26,24,22,22,24,24,24,24,24,22
880339,40,1.602059991328,103,5,0,0.700000000000,2,17,23.600000000000,30,0,1,0,1,0,0,1,1,2,1,0,0,1,1,2,0,1,0,0,2,0,1,1,1,1,0,0,1,2,0,22,24,24,24,24,24,22,24,24,24,24,24,24,24,22,24,24,24,24,24,22,22,24,24,24,24,24,24,24,22
880340,9955,3.998041264363,26338,5,0,1.233333333333,3,22,23.733333333333,31,0,3,1,1,2,2,1,0,2,0,1,1,1,2,2,0,2,2,0,2,0,2,2,1,2,0,1,0,2,2,28,28,22,20,18,20,20,22,26,24,24,26,24,26,22,24,26,26,24,24,22,20,20,20,24,28,28,26,24,26
880341,35,1.544068044350,98,5,0,0.333333333333,1,10,21.200000000000,27,0,0,1,0,0,0,1,0,0,0,0,1,1,0,1,0,0,1,1,0,1,0,0,0,0,1,0,0,1,0,20,20,22,24,24,24,24,24,24,24,24,24,22,20,20,20,20,22,20,18,18,20,20,20,20,20,18,18,20,22
880342,400,2.602059991328,911,5,1,0.700000000000,2,17,24.866666666667,30,1,0,0,1,0,2,1,0,1,0,0,2,0,0,1,1,1,1,1,0,1,2,0,0,1,1,1,0,2,0,28,28,28,26,26,24,26,26,26,24,24,24,20,20,22,24,24,26,28,26,24,26,22,22,24,26,24,26,26,26
880343,30,1.477121254720,61,5,1,0.933333333333,2,18,24.533333333333,27,1,0,2,0,1,2,0,1,0,2,2,0,1,0,2,1,0,2,0,1,2,0,1,0,2,2,0,1,0,2,24,24,26,24,24,26,26,24,24,24,24,24,24,24,26,24,24,26,24,24,26,26,24,24,24,24,24,24,24,26
880344,145,2.161368002235,400,5,0,0.700000000000,2,16,24.133333333333,30,0,1,0,0,1,0,2,1,0,1,0,2,1,0,1,0,2,1,1,0,0,1,1,1,0,0,2,2,0,0,24,24,22,22,20,20,22,26,26,24,24,26,24,24,26,24,24,26,26,24,24,24,24,24,26,26,26,24,24,24
880345,1330,3.123851640967,3377,5,0,1.033333333333,3,21,24.000000000000,31,0,1,3,1,2,1,1,2,0,3,0,1,0,2,1,1,1,2,1,1,1,0,0,2,1,0,0,1,0,2,24,26,24,22,26,26,24,24,22,20,24,26,24,28,28,24,24,20,20,22,26,26,26,26,26,24,24,22,22,20
880346,5190,3.715167357848,13381,5,2,1.066666666667,3,21,23.866666666667,31,2,1,0,0,2,1,1,0,2,0,1,3,1,0,1,0,2,1,1,2,2,2,0,1,0,1,2,1,2,0,26,26,24,24,26,26,24,24,24,22,20,26,24,24,26,24,26,26,24,24,24,20,22,24,24,24,20,22,22,24
880347,6020,3.779596491258,14211,5,1,1.066666666667,2,26,25.733333333333,31,1,1,1,1,1,0,1,1,2,2,2,1,0,1,2,2,1,0,1,0,1,2,1,1,1,1,1,1,1,1,28,26,26,28,28,28,28,28,24,24,22,24,24,24,26,26,26,28,26,26,24,24,24,24,24,26,26,26,28,26
880348,1395,3.144574207610,3442,5,2,1.000000000000,3,22,24.533333333333,31,2,0,1,0,1,2,0,2,0,1,1,1,2,0,1,0,1,3,1,0,2,1,1,0,1,2,1,1,1,1,24,26,26,26,28,26,24,24,26,24,24,24,22,24,26,26,24,26,22,24,26,26,24,24,24,24,22,22,24,24
880349,85,1.929418925714,212,5,2,0.633333333333,2,14,20.866666666667,28,2,0,0,0,0,2,1,1,1,0,2,0,1,1,0,2,0,0,1,0,1,0,0,2,0,1,0,1,0,0,22,24,24,24,24,22,20,20,18,20,18,20,20,20,20,20,20,20,22,22,22,20,20,20,20,20,22,22,20,20
880350,3405,3.532117116249,7500,5,1,1.266666666667,3,27,23.533333333333,31,1,3,0,0,2,3,1,1,1,1,2,2,1,1,0,2,1,1,1,1,1,1,2,1,1,2,1,2,1,1,24,26,22,22,26,24,22,20,22,20,22,24,26,24,26,26,26,24,26,24,22,22,22,22,26,24,24,22,24,22
880351,15,1.176091259056,30,5,0,0.266666666667,1,8,24.666666666667,13,0,1,0,0,0,0,1,0,0,1,0,0,0,0,1,0,1,0,0,0,0,1,0,0,1,0,0,0,0,1,24,22,24,24,24,24,26,24,24,26,26,26,26,26,24,24,22,24,24,24,24,26,24,24,26,26,26,26,26,24
880352,2685,3.428944290036,6780,5,3,1.166666666667,3,22,24.000000000000,31,3,0,0,1,2,2,1,1,1,0,2,1,0,1,0,2,0,1,2,1,2,2,0,2,1,3,2,1,1,0,22,24,24,24,24,24,22,24,26,26,26,28,26,26,24,24,22,20,22,24,26,26,24,22,22,22,24,24,24,24
880353,10,1.000000000000,25,5,0,0.200000000000,1,6,24.000000000000,9,0,1,0,0,0,0,1,0,0,0,0,1,0,0,0,0,1,0,0,0,0,1,0,0,0,0,1,0,0,0,24,24,24,24,24,24,24,24,24,24,24,24,24,24,24,24,24,24,24,24,24,24,24,24,24,24,24,24,24,24
880354,1310,3.117271295656,3357,5,0,0.900000000000,3,18,26.933333333333,31,0,1,1,2,1,0,0,2,1,1,0,0,2,1,1,1,1,2,2,0,0,0,3,1,0,0,0,2,2,0,26,26,26,26,28,28,28,28,26,28,28,28,26,26,24,24,24,26,28,28,28,28,28,28,28,28,28,26,26,28
880355,2010,3.303196057420,4057,5,0,0.966666666667,4,19,25.866666666667,30,0,1,1,0,2,0,1,1,1,3,0,0,0,1,3,0,1,1,0,2,1,1,1,0,4,0,2,0,1,1,28,28,28,26,24,26,26,26,26,26,28,28,28,28,24,26,26,26,26,24,28,28,24,26,24,22,24,24,24,24
880356,2535,3.403977963669,6630,5,1,0.833333333333,3,19,23.533333333333,31,1,1,0,0,1,1,1,0,0,2,0,1,0,1,1,0,3,0,1,0,1,3,1,2,0,1,1,0,1,1,22,24,26,26,26,24,26,24,24,24,24,24,26,26,22,22,24,24,22,22,22,22,22,20,22,22,22,22,24,26
880357,2870,3.457881896734,6965,5,3,0.966666666667,4,17,26.133333333333,30,3,0,0,1,0,4,1,0,1,2,0,0,0,1,2,2,1,0,1,0,3,0,0,1,1,3,0,0,1,1,26,26,26,24,26,26,26,24,26,28,28,28,28,26,24,24,24,26,28,26,28,28,28,26,24,24,26,26,28,26
880358,125,2.096910013008,252,5,0,0.733333333333,2,19,23.266666666667,30,0,1,0,0,1,1,1,1,2,1,0,1,0,0,0,0,1,0,2,1,0,1,1,1,0,1,1,1,1,2,20,20,22,22,24,24,24,22,24,22,22,24,24,24,24,24,22,22,26,24,24,24,26,24,24,24,24,22,24,22
880359,10630,4.026533264523,27013,5,2,1.200000000000,3,23,25.933333333333,31,2,1,1,2,1,2,0,1,0,1,3,1,0,1,1,1,2,1,1,2,3,2,0,1,2,3,0,0,0,1,28,26,26,22,26,26,26,26,24,26,28,24,26,28,26,26,26,26,24,24,26,26,26,24,26,26,28,28,28,26
880360,565,2.752048447819,1588,5,0,0.833333333333,2,18,24.266666666667,31,0,2,1,0,0,0,2,0,0,1,2,1,0,0,1,1,2,0,1,1,2,1,0,2,1,1,2,0,0,1,24,24,26,26,26,26,24,24,24,26,26,26,26,26,24,24,22,22,20,20,20,20,22,26,26,24,26,26,26,26
880361,60,1.778151250384,123,5,0,0.800000000000,3,18,25.866666666667,31,0,0,0,1,1,2,1,0,1,0,1,2,0,0,3,1,1,0,1,3,1,1,0,1,0,1,1,0,0,1,28,28,28,26,26,26,26,26,26,26,26,28,24,24,26,26,24,24,26,26,26,26,26,24,24,24,26,26,26,28
880362,435,2.638489256955,946,5,3,0.800000000000,3,13,24.733333333333,27,3,0,1,0,0,3,0,0,1,0,2,0,1,0,0,2,0,1,1,0,3,0,1,0,0,3,2,0,0,0,24,24,24,24,24,26,24,24,26,26,26,26,26,26,26,26,26,26,24,24,22,24,24,24,24,26,24,24,24,24
880363,1080,3.033423755487,3127,5,1,0.566666666667,2,15,24.533333333333,31,1,1,1,0,0,1,1,0,0,1,0,1,1,0,0,0,2,0,0,1,0,1,0,1,0,1,1,2,0,0,22,24,24,24,24,26,26,26,26,26,24,24,26,26,26,26,26,22,22,24,24,24,26,26,24,22,24,24,24,24
880364,1040,3.017033339299,3087,5,2,0.600000000000,2,15,25.000000000000,31,2,0,0,0,2,0,1,1,0,2,0,0,0,1,1,0,0,1,1,0,0,1,0,1,1,1,0,0,1,1,26,26,26,26,24,24,22,22,22,22,26,26,26,26,26,26,26,26,26,26,26,26,26,26,26,24,24,24,24,24
880365,35,1.544068044350,98,5,0,0.433333333333,1,13,24.066666666667,26,0,0,0,1,1,1,0,0,0,1,1,0,0,1,1,0,0,0,1,1,1,0,0,0,1,1,1,0,0,0,26,26,26,24,22,22,24,24,24,24,24,22,22,24,26,26,26,26,24,22,22,24,24,24,24,24,24,24,24,24
880366,3280,3.515873843712,7375,5,3,1.066666666667,3,21,26.800000000000,31,3,0,0,2,1,2,1,1,0,1,2,0,1,0,2,1,2,1,1,1,1,2,0,1,3,0,1,0,0,2,28,28,28,28,26,22,26,28,28,26,26,28,28,28,26,26,24,26,26,26,26,26,28,26,28,28,28,28,28,26
880367,2820,3.450249108319,6915,5,0,0.866666666667,3,18,26.000000000000,31,0,1,0,1,0,1,3,2,0,1,0,2,0,0,2,0,2,1,1,2,1,0,0,0,2,1,0,1,1,1,28,28,28,28,28,28,28,26,26,26,28,28,24,24,24,24,22,26,24,24,26,26,26,26,26,24,24,26,28,26
880368,20540,4.312600439261,53307,5,2,1.033333333333,3,22,25.666666666667,31,2,0,2,1,1,1,1,0,2,0,1,3,2,0,0,1,2,1,1,1,1,2,0,2,1,0,1,1,1,0,28,26,26,24,24,26,24,26,26,24,24,28,26,28,28,28,26,24,24,26,24,22,22,26,26,26,26,26,28,28
880369,2270,3.356025857193,6365,5,2,1.000000000000,3,21,26.133333333333,31,2,2,0,0,1,2,2,1,0,1,1,2,1,0,1,1,2,1,0,0,3,1,1,0,1,0,0,1,1,2,26,28,26,26,24,28,26,26,26,26,26,26,28,28,28,26,26,24,24,24,26,26,26,26,26,26,26,26,28,26
880370,1490,3.173186268412,3537,5,0,0.500000000000,2,13,23.000000000000,29,0,0,1,1,0,1,1,1,0,0,2,0,0,0,1,1,0,0,1,1,0,0,1,1,0,0,0,2,0,0,24,24,22,22,22,22,22,24,22,22,22,24,24,24,24,24,22,22,24,24,22,22,24,24,24,24,24,22,22,22
880371,201810,5.304942682402,463953,5,0,1.366666666667,4,23,25.866666666667,31,0,2,2,3,0,2,0,2,1,0,2,3,1,1,0,0,4,2,1,1,1,3,1,0,1,1,3,2,1,1,26,26,26,24,26,26,28,28,28,28,26,26,26,28,28,28,28,24,24,22,24,24,24,26,26,24,24,26,26,26
880372,655,2.816241299992,1678,5,1,0.666666666667,2,16,22.466666666667,28,1,0,1,2,0,0,1,2,0,0,0,1,1,0,0,1,0,1,0,0,1,1,2,1,0,0,1,2,1,0,24,22,22,24,22,22,24,22,22,22,22,20,22,22,22,22,24,22,22,22,22,22,24,24,24,24,22,24,22,20
880373,905,2.956648579205,1928,5,2,1.233333333333,3,22,25.000000000000,31,2,0,3,1,0,1,1,2,0,0,3,2,0,1,0,1,1,2,2,1,2,2,2,1,0,1,3,2,0,1,24,24,24,26,24,26,28,28,24,24,24,22,24,24,24,26,26,24,26,24,22,26,26,28,26,24,26,22,26,28
880374,2075,3.317018101048,6170,5,0,0.866666666667,2,20,25.000000000000,31,0,1,0,1,0,1,1,0,0,1,1,2,0,2,1,1,2,0,2,0,1,1,1,2,0,2,1,1,1,0,26,24,26,26,24,24,26,24,24,26,26,24,26,26,26,26,24,24,24,26,26,26,26,24,22,22,24,24,28,26
880375,25,1.397940008672,56,5,0,0.333333333333,1,10,27.533333333333,21,0,1,0,0,1,0,0,0,0,1,0,1,1,1,0,0,0,0,1,0,0,0,1,0,0,0,1,0,0,1,28,28,26,26,28,28,28,28,28,26,26,26,28,28,28,28,28,28,28,28,28,28,28,28,28,28,28,26,26,28
880376,3870,3.587710965019,7965,5,1,0.800000000000,3,17,25.866666666667,31,1,0,2,0,3,1,0,2,0,0,2,2,0,1,1,0,1,0,1,1,1,0,1,0,2,0,1,0,1,0,28,28,24,24,22,22,24,28,26,26,26,24,24,24,26,26,28,28,28,28,26,26,24,26,24,26,26,28,28,28
880377,45,1.653212513775,108,5,0,0.566666666667,2,13,24.466666666667,28,0,1,1,1,0,0,2,0,0,0,1,0,0,0,0,1,2,0,1,0,0,1,2,0,1,0,0,2,1,0,24,24,24,24,24,24,24,26,26,26,26,24,24,24,24,24,26,24,24,24,24,24,24,24,24,24,24,26,24,26
880378,20,1.301029995664,51,5,1,0.700000000000,1,21,23.533333333333,19,1,1,0,0,1,1,1,1,0,1,1,1,0,0,1,1,1,1,0,1,1,1,0,0,1,1,1,1,0,1,24,24,24,24,24,22,22,24,24,24,22,24,24,24,24,22,22,24,24,24,24,24,24,24,24,22,22,24,24,24
880379,715,2.854306041801,1738,5,0,0.833333333333,2,19,25.133333333333,31,0,1,1,0,0,1,0,1,0,1,1,1,2,1,2,1,0,1,0,2,1,0,2,1,0,0,0,2,2,1,24,24,26,26,26,26,26,24,24,24,24,24,24,24,24,26,26,26,28,28,26,26,26,24,24,24,24,24,26,26
880380,1425,3.153814864345,3472,5,1,0.933333333333,3,20,26.000000000000,31,1,0,0,1,1,3,1,1,1,0,2,1,1,2,0,0,0,1,1,0,2,0,0,1,1,1,0,2,2,2,28,28,28,26,26,24,22,24,26,26,26,26,26,28,28,28,28,28,24,24,26,26,26,28,28,24,24,26,24,24
880381,1890,3.276461804173,3937,5,1,0.833333333333,2,20,25.933333333333,29,1,1,2,0,1,1,1,0,0,2,0,1,0,0,2,1,1,1,0,2,1,1,1,0,0,1,1,1,0,2,26,26,26,24,24,28,28,28,28,26,24,26,26,26,24,26,26,24,26,26,26,24,26,26,26,26,28,26,26,26
880382,20,1.301029995664,51,5,1,0.300000000000,1,9,23.000000000000,17,1,0,0,0,0,1,0,0,0,1,0,0,1,0,0,0,0,1,0,1,1,0,0,0,0,1,0,0,0,1,22,22,22,22,22,24,24,24,24,24,22,22,24,24,24,24,24,22,22,22,22,22,22,22,22,24,24,24,24,24
880383,5570,3.745855195174,13761,5,1,1.233333333333,3,24,23.466666666667,31,1,1,3,1,0,2,1,1,1,2,2,1,1,1,1,3,0,2,2,2,1,1,2,0,0,1,0,2,0,2,24,28,26,22,22,24,24,22,24,22,24,22,22,22,20,20,22,24,26,22,22,24,26,26,26,26,26,22,22,22
880384,4575,3.660391098402,12766,5,1,0.700000000000,2,17,25.266666666667,29,1,1,2,1,0,1,0,1,0,0,0,0,1,0,0,1,0,1,2,1,1,1,2,0,0,1,0,2,1,0,22,22,20,22,24,24,26,26,28,28,28,28,28,26,26,26,24,24,24,24,24,24,28,26,26,26,24,24,28,28
880385,13385,4.126618375523,29768,5,0,1.100000000000,4,23,26.200000000000,31,0,1,1,1,1,1,1,0,3,1,1,1,1,1,0,1,1,1,2,1,1,2,0,4,0,0,1,0,4,1,28,28,28,26,24,26,28,28,28,26,22,24,26,26,26,28,24,22,26,26,26,24,26,26,28,28,28,28,28,24
880386,21275,4.327869568757,54042,5,2,0.933333333333,3,21,26.466666666667,29,2,1,0,3,0,0,0,2,1,0,1,1,2,1,1,1,0,1,1,1,1,0,2,1,1,0,0,2,1,1,28,24,26,24,26,26,26,26,26,28,28,28,26,26,26,28,28,26,26,28,26,26,26,26,28,28,28,26,24,26
880387,140,2.146128035678,395,5,0,0.633333333333,2,17,23.866666666667,29,0,1,0,1,0,1,1,0,1,2,0,1,0,0,1,1,0,0,0,1,1,1,0,0,2,0,1,1,1,1,24,24,24,24,24,24,24,22,22,24,24,24,26,26,26,26,26,26,26,24,24,26,24,24,26,22,20,20,20,20
880388,525,2.720159303406,1548,5,0,0.800000000000,3,16,27.066666666667,31,0,0,0,0,2,1,1,0,1,0,3,0,1,0,0,3,1,1,1,1,2,0,0,2,0,2,0,0,1,1,28,28,28,28,26,26,26,28,26,26,26,28,28,28,28,28,26,22,26,28,28,28,28,26,26,26,28,28,28,28
880389,4820,3.683047038239,13011,5,1,1.066666666667,4,18,24.800000000000,30,1,0,0,3,1,0,1,1,2,1,1,0,0,4,0,0,0,0,4,1,1,1,0,4,1,0,1,0,2,2,28,26,26,26,26,24,26,26,24,22,24,22,22,26,26,26,26,26,26,22,20,20,20,24,24,26,28,28,26,28
880390,15,1.176091259056,30,5,1,0.400000000000,1,12,22.000000000000,14,1,0,0,0,0,1,1,1,0,0,0,1,1,0,0,1,0,0,0,0,1,1,1,0,0,0,1,1,0,0,22,22,22,22,22,22,22,22,22,22,22,22,22,22,22,22,22,22,22,22,22,22,22,22,22,22,22,22,22,22
880391,60,1.778151250384,123,5,1,0.366666666667,1,11,24.466666666667,27,1,0,1,0,0,0,0,1,0,0,1,0,0,1,0,1,0,0,0,0,1,0,0,1,1,0,0,1,1,0,22,24,24,26,26,26,26,26,24,24,26,24,24,24,24,24,26,26,26,26,26,24,24,24,24,22,22,24,24,22
880392,1155,3.062581984228,3202,5,1,0.766666666667,2,16,24.866666666667,31,1,1,0,2,0,0,1,0,2,0,2,0,0,2,1,0,1,0,2,0,1,2,0,1,1,0,1,0,2,0,22,22,24,26,26,26,26,26,22,24,24,24,24,28,26,26,24,26,24,24,24,26,24,24,26,26,26,26,26,24
880393,12215,4.086893471309,28598,5,0,1.033333333333,3,22,26.466666666667,31,0,1,2,2,1,1,2,1,0,1,2,1,0,1,1,2,1,1,2,1,2,0,1,0,1,0,3,1,0,0,26,26,28,26,26,26,26,26,26,26,28,26,26,26,28,24,24,24,26,26,28,28,28,28,26,26,26,28,28,28
880394,50,1.698970004336,113,5,1,0.566666666667,2,15,24.266666666667,26,1,0,1,0,0,1,0,1,1,0,0,0,1,2,1,0,0,0,1,1,1,0,1,0,0,1,0,1,2,0,22,24,24,26,26,26,24,24,24,24,24,24,24,24,24,24,24,24,24,24,24,26,26,24,24,24,22,22,26,26
880395,80,1.903089986992,207,5,1,0.900000000000,2,23,26.400000000000,30,1,2,0,1,0,1,2,0,2,1,1,0,1,1,1,1,2,0,1,0,1,1,1,1,1,1,1,0,1,1,24,26,28,28,28,28,26,24,24,28,26,26,28,28,26,26,26,28,28,28,28,28,26,26,28,26,24,24,24,24
880396,8705,3.939768775453,25088,5,3,1.400000000000,4,23,23.600000000000,31,3,2,2,0,0,1,3,1,2,1,2,4,1,1,1,0,2,0,2,0,0,2,2,1,3,1,0,2,1,2,24,26,26,28,28,26,24,24,18,20,20,20,22,22,26,26,24,24,22,24,24,26,24,24,20,22,24,24,22,24
880397,10330,4.014100321520,26713,5,2,0.966666666667,2,22,26.333333333333,30,2,1,0,1,0,2,1,0,2,0,1,1,0,2,1,1,1,1,2,1,0,2,1,2,0,1,0,1,1,1,26,28,28,28,26,28,26,26,28,28,28,28,28,26,26,24,24,24,26,24,24,24,26,26,28,28,26,26,28,24
880398,15,1.176091259056,30,5,0,0.266666666667,1,8,21.333333333333,13,0,1,0,0,0,1,0,0,0,0,1,1,0,0,0,0,1,0,0,0,1,0,0,0,0,1,1,0,0,0,20,22,22,22,22,22,22,22,22,22,22,20,20,20,20,20,22,22,22,22,22,22,22,22,22,22,20,20,20,20
880399,80,1.903089986992,207,5,0,0.400000000000,1,12,24.000000000000,29,0,0,0,1,0,1,1,0,1,0,1,0,0,0,0,1,0,0,1,0,1,0,0,0,1,1,1,0,1,0,26,26,26,24,22,22,22,22,22,24,24,26,26,26,26,26,24,24,24,22,22,24,24,24,24,24,22,24,24,24
880400,60,1.778151250384,123,5,1,0.766666666667,2,21,25.000000000000,31,1,1,1,1,1,1,1,0,1,0,2,0,1,0,0,1,0,1,1,2,0,1,1,0,1,1,1,1,1,0,28,28,26,26,24,26,26,24,22,24,22,24,24,26,26,26,24,24,24,24,24,24,26,26,24,24,24,26,26,28
880401,1345,3.128722284338,3392,5,2,0.933333333333,2,23,22.800000000000,31,2,0,1,1,1,1,1,0,1,2,0,1,1,1,1,1,0,1,2,0,1,1,1,2,1,0,1,0,2,1,22,24,24,22,24,24,24,24,24,22,22,20,20,22,24,24,24,24,24,24,22,20,22,24,24,24,24,22,18,22
880402,10,1.000000000000,25,5,0,0.200000000000,1,6,22.000000000000,9,0,0,0,1,0,0,0,0,1,0,0,0,0,1,0,0,0,0,1,0,0,0,0,1,0,0,0,0,1,0,22,22,22,24,22,22,22,22,20,22,22,22,22,24,22,22,22,22,20,22,22,22,22,24,22,22,22,22,20,22
880403,12740,4.105169427999,29123,5,0,0.800000000000,3,17,23.800000000000,31,0,0,0,3,0,1,0,1,2,0,1,1,2,0,1,0,2,1,1,0,2,0,0,2,1,1,0,0,1,1,24,24,24,20,22,20,20,20,24,22,24,28,26,22,24,22,18,20,22,24,28,28,28,26,24,24,26,26,26,28
880404,3995,3.601516783650,8090,5,0,0.800000000000,3,17,24.666666666667,31,0,1,2,0,0,2,1,0,0,2,0,1,1,0,1,0,1,2,0,0,1,3,0,1,2,0,1,1,0,1,28,26,26,22,22,24,28,28,28,26,24,24,26,26,26,24,26,26,26,26,28,24,20,20,24,20,22,24,24,22
880405,195,2.290034611363,450,5,1,0.933333333333,2,24,24.600000000000,31,1,0,0,1,1,1,1,1,1,1,0,1,2,1,0,1,2,1,1,0,1,1,1,1,2,1,0,2,1,1,22,24,24,26,26,26,24,22,22,26,24,24,26,24,22,22,22,24,24,26,26,28,26,26,28,26,26,24,24,24
880406,31675,4.500716623555,64442,5,0,0.933333333333,3,18,26.133333333333,31,0,2,2,0,0,1,3,0,0,2,0,2,1,2,1,2,0,0,0,2,1,1,0,2,1,1,0,1,1,0,28,28,28,28,28,28,28,24,24,26,24,24,26,22,24,24,26,26,26,26,28,28,26,24,26,24,26,28,28,28
880407,1595,3.202760687393,3642,5,1,0.966666666667,3,17,26.066666666667,28,1,2,0,3,0,1,0,0,3,0,1,2,0,1,0,1,2,0,3,0,2,0,0,1,0,2,1,0,2,1,28,24,24,22,26,26,26,26,28,24,24,28,28,28,28,28,24,24,22,26,26,28,28,28,26,26,26,26,28,26
880408,5510,3.741151598852,13701,5,1,0.866666666667,3,18,25.133333333333,31,1,0,0,3,1,1,1,0,2,0,0,2,2,2,2,0,0,0,1,1,0,1,2,0,0,0,1,1,1,1,26,24,24,24,24,26,24,24,24,22,22,24,24,26,28,28,28,28,26,24,24,24,26,26,26,26,26,26,26,24
880409,31445,4.497551599065,64212,5,2,1.200000000000,2,25,23.933333333333,31,2,2,1,0,2,2,1,0,1,2,1,0,1,1,1,2,1,2,0,1,1,1,2,2,1,2,0,1,2,1,24,22,22,22,22,24,26,24,26,28,26,24,26,24,22,20,24,24,24,24,24,22,22,22,24,26,28,26,24,22
880410,410,2.612783856720,921,5,0,0.833333333333,3,17,24.333333333333,31,0,1,1,0,2,0,0,1,2,1,0,2,0,1,0,0,2,1,0,2,0,1,0,1,3,0,1,0,1,2,26,26,26,26,28,28,28,26,26,22,22,26,22,22,22,22,26,24,24,26,26,26,24,24,24,20,20,22,22,24
880411,1380,3.139879086401,3427,5,1,0.766666666667,2,18,24.533333333333,31,1,1,0,0,0,2,0,0,1,1,1,1,2,0,1,2,0,0,1,0,1,2,2,0,0,1,0,1,1,1,24,28,28,28,28,26,26,26,28,28,26,24,24,22,20,26,24,24,26,24,24,24,22,22,22,24,22,22,22,22
880412,37365,4.572464986592,102900,5,3,1.333333333333,4,24,25.200000000000,31,3,1,1,0,1,1,1,1,2,1,2,0,0,3,1,2,1,0,3,0,2,0,1,2,1,2,1,2,4,1,24,28,28,28,28,26,26,28,26,26,28,26,26,28,24,24,24,24,24,26,24,28,28,28,24,20,18,20,20,24
880413,435,2.638489256955,946,5,3,0.966666666667,3,22,25.466666666667,30,3,2,1,0,0,0,2,1,1,1,1,0,1,1,2,1,0,1,0,2,2,1,1,0,1,1,1,1,0,1,26,26,26,26,26,26,24,24,26,28,28,28,28,26,24,24,24,26,24,26,26,24,24,24,24,24,24,26,26,26
880414,30,1.477121254720,61,5,0,0.533333333333,1,16,26.000000000000,28,0,1,0,1,1,1,1,0,0,1,0,1,0,1,0,0,1,0,1,1,1,1,0,0,1,0,1,0,1,0,26,26,26,26,26,26,26,26,26,26,26,26,26,26,26,26,26,26,26,26,26,26,26,26,26,26,26,26,26,26
880415,140,2.146128035678,395,5,1,0.800000000000,3,17,26.000000000000,29,1,2,0,1,1,0,1,0,1,1,0,1,0,2,0,1,3,0,0,0,0,3,0,1,0,1,1,0,2,1,26,26,26,26,26,24,24,24,24,26,26,26,26,26,24,24,28,28,28,28,28,26,26,26,28,28,26,26,26,24
880416,7580,3.879669205632,15771,5,2,1.033333333333,3,20,24.800000000000,30,2,0,0,1,2,1,1,0,1,1,1,1,1,2,2,1,3,0,0,0,0,3,0,0,2,1,2,0,2,1,28,26,26,28,24,26,26,26,24,22,22,24,26,24,24,24,24,26,26,26,26,26,24,24,26,26,24,22,22,22
880417,145,2.161368002235,400,5,0,0.866666666667,2,17,27.400000000000,29,0,2,0,0,1,0,2,2,0,2,1,0,1,0,2,1,1,1,0,1,0,2,0,0,2,0,1,2,0,2,28,28,28,28,28,28,28,28,26,26,28,28,28,28,26,24,26,26,28,28,28,28,28,28,28,28,28,28,26,26
880418,100,2.000000000000,227,5,0,0.666666666667,2,16,26.266666666667,31,0,1,1,1,0,2,1,0,0,1,0,2,1,0,1,0,2,1,1,0,0,0,2,1,0,0,0,1,1,0,28,28,28,26,26,26,28,28,28,28,26,26,24,24,24,26,24,26,26,26,26,26,26,24,26,26,26,26,28,28
880419,10,1.000000000000,25,5,1,0.400000000000,1,12,27.000000000000,10,1,0,0,0,1,1,0,0,0,1,1,0,0,0,1,1,0,0,0,1,1,0,0,0,1,1,0,0,0,1,26,26,26,26,26,28,28,28,28,28,26,26,26,26,26,28,28,28,28,28,26,26,26,26,26,28,28,28,28,28
880420,230,2.361727836018,485,5,1,0.633333333333,1,19,23.266666666667,29,1,0,1,0,1,1,0,0,1,0,1,0,0,1,1,1,1,1,1,0,0,1,1,1,1,1,0,1,0,1,22,22,22,22,24,24,24,24,24,24,26,26,26,26,24,20,20,22,24,24,24,24,22,22,22,24,24,22,22,22
880421,6725,3.827692288674,14916,5,1,1.100000000000,4,19,25.400000000000,30,1,2,0,2,2,0,0,0,2,2,0,2,0,1,2,1,0,2,1,4,0,1,0,0,3,2,1,0,1,1,24,24,24,24,28,28,28,28,26,22,24,26,26,26,28,24,24,22,20,22,26,26,28,28,28,26,26,24,26,26
880422,60,1.778151250384,123,5,1,0.633333333333,2,17,25.000000000000,27,1,1,1,0,1,0,1,0,0,1,1,1,1,0,0,1,1,0,0,2,0,0,0,0,2,1,1,1,0,1,24,24,24,24,24,24,26,26,26,26,26,24,26,26,26,26,26,24,24,26,26,26,26,26,24,24,24,24,24,24
880423,2255,3.353146546214,6350,5,1,0.900000000000,3,21,25.266666666667,30,1,0,1,1,1,0,1,0,1,0,1,2,0,0,1,1,1,1,1,1,2,0,1,3,0,0,1,2,2,1,22,24,26,28,26,28,28,28,28,26,26,28,28,28,28,24,24,24,24,26,26,22,22,22,22,22,24,24,26,24
880424,30,1.477121254720,61,5,1,0.733333333333,2,20,26.333333333333,27,1,1,1,0,1,1,0,1,0,1,2,1,0,0,1,1,1,0,0,1,2,1,0,1,1,1,0,0,1,1,24,26,26,28,28,28,28,28,26,26,28,28,28,28,28,28,28,28,28,28,26,24,24,24,24,24,24,24,24,24
880425,305,2.484299839347,816,5,1,0.766666666667,2,18,26.133333333333,30,1,0,1,2,0,0,2,0,0,0,2,0,0,1,0,1,2,0,1,1,0,1,1,1,1,1,1,1,2,0,26,26,26,28,24,24,28,28,28,28,28,26,26,28,26,26,26,26,26,28,26,26,28,24,24,24,24,24,26,26
880426,28800,4.459392487759,61567,5,1,1.200000000000,3,24,26.000000000000,31,1,2,1,2,2,1,0,2,2,1,1,1,2,0,1,2,1,0,0,1,3,0,1,1,2,2,0,1,1,2,24,26,26,22,26,24,24,26,26,26,26,26,26,26,26,28,28,28,28,28,26,26,26,28,24,24,26,26,28,26
880427,445,2.648360010981,956,5,1,0.733333333333,2,19,25.933333333333,31,1,1,1,1,0,1,1,0,1,1,2,1,1,0,0,1,1,0,2,0,0,1,0,1,1,1,2,0,0,0,26,26,26,28,28,28,28,26,24,24,22,24,26,26,26,26,24,24,26,26,26,26,26,26,28,28,26,26,26,26
880428,8250,3.916453948550,24633,5,3,1.033333333333,3,19,23.733333333333,31,3,1,1,1,1,1,0,1,0,2,3,0,0,1,1,2,0,0,3,0,1,2,0,1,0,0,2,0,3,1,22,24,24,24,26,24,24,22,22,20,22,26,26,26,26,26,22,22,24,22,22,26,24,26,26,26,22,22,20,24
880429,575,2.759667844690,1598,5,0,0.866666666667,3,20,25.133333333333,31,0,1,0,1,1,0,2,0,0,3,2,1,1,1,0,0,1,1,1,1,1,2,0,0,2,1,0,1,1,1,24,24,26,26,24,24,28,26,26,28,26,24,24,26,26,26,26,26,24,22,24,24,24,24,26,24,24,24,26,28
880430,155,2.190331698170,410,5,1,0.466666666667,1,14,23.466666666667,30,1,0,1,0,1,0,0,1,1,0,0,0,0,1,1,1,0,0,1,0,0,1,0,1,1,1,0,1,0,0,22,24,22,24,24,24,24,24,24,22,22,22,22,22,24,26,24,24,26,24,24,24,24,24,24,22,22,22,24,24
880431,70,1.845098040014,197,5,1,0.700000000000,2,19,27.533333333333,29,1,1,1,1,1,1,1,1,0,0,1,0,1,1,0,1,2,0,0,0,1,2,0,1,0,1,1,0,1,0,28,26,26,26,24,28,28,28,28,28,28,28,28,28,28,28,28,28,28,28,26,26,28,28,28,28,28,28,28,28
880432,2485,3.395326393069,6580,5,1,0.933333333333,3,20,25.533333333333,31,1,1,1,0,2,2,0,1,1,1,0,0,0,2,1,1,1,1,0,1,0,1,2,3,0,0,1,2,2,0,26,24,22,22,22,22,24,24,28,28,28,28,28,28,26,26,26,28,28,28,26,26,24,24,24,24,26,26,26,24
880433,16820,4.225825991462,49587,5,0,1.300000000000,3,24,25.333333333333,31,0,0,2,2,2,1,1,1,0,2,2,2,1,2,3,2,1,0,1,2,2,1,0,1,1,3,1,0,1,2,24,24,26,26,22,24,26,28,28,26,26,24,22,28,24,24,24,26,26,26,28,28,28,26,26,22,22,24,26,26
880434,1365,3.135132651377,3412,5,3,1.000000000000,3,17,26.133333333333,30,3,2,1,0,1,3,0,0,0,1,3,1,1,1,0,1,3,0,0,0,1,3,0,1,0,2,2,0,0,0,28,26,24,24,24,28,28,28,28,28,24,24,24,26,24,24,26,28,28,28,28,26,24,22,24,26,28,28,28,28
880435,165,2.217483944214,420,5,0,0.866666666667,2,20,27.600000000000,31,0,1,1,1,1,1,0,1,2,2,0,0,0,1,2,0,1,0,2,0,2,2,1,1,0,1,0,1,1,1,28,28,28,28,28,28,26,26,28,28,28,28,28,28,28,28,28,28,26,26,26,28,28,28,28,28,28,28,28,26
880436,17505,4.243162115101,50272,5,2,1.000000000000,3,17,25.133333333333,31,2,1,0,3,0,1,0,0,2,2,2,0,0,3,2,0,0,1,3,0,0,0,2,1,1,1,0,2,1,0,28,24,24,22,24,24,26,26,26,26,26,24,24,26,26,24,24,24,24,26,26,26,24,24,24,26,26,28,26,26
880437,1470,3.167317334748,3517,5,1,0.833333333333,2,21,23.866666666667,29,1,1,1,1,0,1,1,1,1,0,2,0,2,1,1,1,0,0,2,1,0,1,1,1,0,2,1,1,0,0,24,24,26,26,26,28,24,22,20,22,18,22,20,22,24,28,26,26,26,24,24,26,28,24,24,24,22,22,22,22
880438,4305,3.633973155790,12496,5,2,0.866666666667,2,18,24.266666666667,30,2,1,0,1,0,2,1,2,0,0,1,1,2,1,0,2,1,0,1,0,2,1,2,0,0,2,0,1,0,0,24,24,26,26,26,24,24,22,24,24,24,22,24,24,24,26,26,24,24,24,22,22,24,24,24,26,26,26,24,24
880439,14265,4.154271775993,30648,5,1,0.933333333333,3,17,25.600000000000,29,1,1,3,0,1,0,0,3,0,0,0,0,3,0,1,0,1,3,0,1,1,0,3,0,1,1,1,2,1,0,24,24,22,26,28,26,26,26,28,28,28,28,24,26,24,26,26,24,24,26,26,26,22,26,24,26,26,26,26,26
880440,55,1.740362689494,118,5,0,0.500000000000,1,15,24.266666666667,28,0,0,0,1,1,0,0,1,0,1,0,1,0,1,1,0,0,0,1,1,0,1,1,1,1,0,0,0,1,1,24,24,24,22,24,26,26,26,26,26,24,22,22,20,22,24,24,24,26,24,22,24,24,24,26,26,26,26,26,24
880441,70000,4.845098040014,201071,5,1,1.633333333333,5,26,24.333333333333,31,1,2,2,2,1,0,5,1,2,0,0,3,0,3,1,1,5,2,1,1,1,1,1,1,1,2,5,1,2,1,24,18,18,22,20,22,26,24,28,28,28,28,24,22,20,20,24,22,26,26,26,26,26,28,26,26,22,26,28,26
880442,185,2.267171728403,440,5,0,0.733333333333,3,17,27.066666666667,31,0,0,1,2,0,0,1,1,0,0,0,1,0,1,1,1,0,1,2,1,0,1,1,0,3,0,1,0,1,2,26,26,26,26,26,26,28,28,28,28,28,28,28,28,28,28,28,28,28,26,26,28,26,26,28,28,26,26,26,26
880443,10,1.000000000000,25,5,2,0.800000000000,2,18,27.600000000000,10,2,0,1,1,0,2,0,1,1,0,2,0,1,1,0,2,0,1,1,0,2,0,1,1,0,2,0,1,1,0,28,26,28,28,28,28,26,28,28,28,28,26,28,28,28,28,26,28,28,28,28,26,28,28,28,28,26,28,28,28
880444,625,2.795880017344,1648,5,1,0.800000000000,2,17,27.266666666667,30,1,2,0,0,2,1,2,0,0,1,2,2,0,0,0,1,1,0,0,1,2,2,0,0,1,1,1,0,1,0,26,28,26,26,28,28,26,28,28,28,26,26,28,28,28,28,28,28,28,28,26,26,28,28,28,28,26,26,26,28
880445,6800,3.832508912706,14991,5,1,1.233333333333,4,22,24.600000000000,31,1,2,2,0,0,1,4,1,1,1,0,4,1,1,1,0,4,0,1,1,0,1,0,1,1,1,4,0,1,2,24,26,28,26,26,26,24,22,22,22,22,24,22,24,24,24,26,24,24,28,28,28,28,28,24,24,26,22,20,22
880446,640,2.806179973984,1663,5,0,0.600000000000,2,14,26.133333333333,31,0,0,2,0,1,0,0,2,0,0,1,0,2,0,0,0,1,1,0,1,0,1,1,1,1,0,1,0,0,2,26,26,26,24,24,24,24,26,26,26,26,26,26,28,28,28,28,26,26,26,26,24,26,26,28,28,28,26,26,26
880447,995,2.997823080746,2018,5,1,1.000000000000,3,21,24.200000000000,30,1,2,1,1,1,1,1,0,2,0,3,0,0,1,0,3,1,1,0,0,2,1,1,1,0,3,1,0,1,1,22,24,26,26,26,26,24,22,20,22,24,26,26,26,24,22,22,24,26,26,26,24,22,20,22,24,26,26,26,26
880448,200,2.301029995664,455,5,0,0.800000000000,2,19,22.866666666667,30,0,1,1,2,0,1,0,1,1,0,1,1,2,0,1,0,1,1,1,1,0,0,2,2,0,0,1,1,2,0,22,22,22,22,24,26,26,26,24,22,20,20,18,22,22,24,22,22,24,26,24,24,26,24,22,22,24,24,18,22
880449,45,1.653212513775,108,5,1,0.566666666667,1,17,26.933333333333,28,1,0,1,1,1,0,1,1,0,0,0,0,1,1,0,0,1,1,0,1,1,0,1,1,0,1,0,0,1,1,26,26,26,28,26,26,26,26,28,28,28,28,28,26,28,28,28,28,28,26,26,26,26,28,28,26,26,26,26,28
880450,430,2.633468455580,941,5,0,0.766666666667,2,19,26.333333333333,31,0,2,0,0,1,1,1,0,1,1,0,1,0,1,2,0,1,0,1,1,0,2,1,2,0,1,1,1,1,0,24,26,28,28,28,26,26,26,28,28,28,28,28,26,26,24,26,26,26,24,24,24,26,24,26,26,28,28,28,26
880451,2630,3.419955748490,6725,5,3,1.200000000000,3,21,24.266666666667,31,3,0,0,0,1,3,2,0,1,0,1,2,2,2,1,1,0,1,2,2,2,1,1,2,0,1,2,0,3,0,24,26,26,26,26,24,24,24,26,24,26,24,22,20,22,24,26,26,26,24,22,22,24,26,24,26,24,26,24,20
880452,2350,3.371067862272,6445,5,0,0.966666666667,3,18,26.266666666667,31,0,0,1,2,2,0,0,0,3,1,0,1,2,0,1,0,0,1,3,3,0,0,1,3,1,1,1,1,1,0,28,28,26,26,24,28,28,28,26,24,24,24,24,24,26,28,28,28,28,28,24,24,24,26,26,24,28,28,28,28
880453,100,2.000000000000,227,5,1,1.033333333333,3,18,23.666666666667,30,1,1,2,3,0,0,1,1,2,0,0,1,2,2,0,0,0,2,3,0,0,2,0,1,0,0,2,1,3,1,22,22,22,26,22,22,22,22,22,24,24,24,26,24,28,28,28,26,24,22,22,24,24,24,24,24,22,22,22,22
880454,445,2.648360010981,956,5,2,0.833333333333,2,20,26.333333333333,31,2,0,0,1,1,1,1,1,0,1,1,1,0,0,2,2,0,1,1,2,0,1,1,0,2,1,0,1,0,1,28,28,28,28,26,26,26,26,26,26,24,26,24,24,26,26,26,28,28,26,26,26,26,26,26,26,26,26,28,28
880455,10,1.000000000000,25,5,0,0.400000000000,2,6,25.000000000000,9,0,0,0,0,2,0,0,0,0,2,0,0,0,0,2,0,0,0,0,2,0,0,0,0,2,0,0,0,0,2,24,24,24,24,24,26,26,26,26,26,24,24,24,24,24,26,26,26,26,26,24,24,24,24,24,26,26,26,26,26
880456,10,1.000000000000,25,5,1,0.400000000000,1,12,26.000000000000,9,1,1,0,0,0,1,1,0,0,0,1,1,0,0,0,1,1,0,0,0,1,1,0,0,0,1,1,0,0,0,26,26,26,26,26,26,26,26,26,26,26,26,26,26,26,26,26,26,26,26,26,26,26,26,26,26,26,26,26,26
880457,15,1.176091259056,30,5,2,0.933333333333,2,22,20.000000000000,15,2,0,2,0,1,1,0,1,1,2,1,0,1,1,1,2,0,2,0,1,1,0,1,1,2,1,0,1,1,1,18,20,18,20,20,22,22,20,20,20,20,20,20,20,20,18,20,18,20,20,22,22,20,20,20,20,20,20,20,20
880458,655,2.816241299992,1678,5,1,0.900000000000,3,17,25.600000000000,31,1,0,0,3,0,2,0,0,3,3,1,0,1,0,1,2,0,1,0,2,1,0,1,1,0,1,2,0,1,0,26,26,26,24,24,26,24,24,26,26,28,28,28,26,26,24,24,26,28,28,28,28,26,24,24,26,22,22,24,26
880459,360,2.556302500767,871,5,2,1.266666666667,4,20,23.800000000000,31,2,0,0,2,1,1,0,1,3,1,0,0,2,3,3,2,0,0,1,2,2,1,0,2,2,0,1,0,2,4,22,24,24,26,26,24,22,22,22,24,24,24,22,24,24,24,26,26,26,24,24,20,22,22,24,24,24,26,24,24
880460,10705,4.029586671630,27088,5,1,0.933333333333,3,20,24.466666666667,29,1,1,1,1,2,0,3,0,1,1,1,1,1,1,1,0,0,1,2,0,1,1,0,0,0,2,3,0,0,2,24,24,22,24,20,22,20,24,26,28,28,26,26,24,26,28,28,28,26,22,20,24,24,24,24,26,26,22,22,26
880461,18105,4.257798529153,50872,5,0,1.233333333333,3,23,25.266666666667,31,0,2,1,2,1,1,2,1,3,0,0,2,2,0,0,1,1,3,2,1,1,1,0,3,2,1,1,0,2,1,24,24,26,24,24,26,22,26,28,26,26,28,28,28,28,26,24,22,22,24,26,26,26,22,24,24,26,26,26,26
880462,40,1.602059991328,103,5,2,0.766666666667,3,16,27.600000000000,28,2,0,1,0,0,2,0,1,1,1,1,0,0,1,3,0,0,0,0,3,1,0,0,1,1,1,1,0,2,0,26,26,28,28,28,28,28,26,28,28,28,28,28,28,26,28,28,28,28,26,28,28,28,28,28,28,26,28,28,28
880463,19670,4.293804359919,52437,5,1,1.400000000000,3,22,25.733333333333,31,1,0,3,1,2,1,0,3,0,2,1,0,3,2,3,2,1,2,0,3,2,1,0,1,3,1,0,0,2,2,20,22,28,26,28,26,28,26,24,24,24,24,24,24,28,26,28,24,26,26,28,26,26,26,26,26,28,28,26,26
880464,2550,3.406540180434,6645,5,1,1.000000000000,2,22,26.933333333333,30,1,0,2,1,1,0,2,1,2,1,1,0,1,2,1,1,1,1,0,0,1,1,2,2,0,0,0,1,2,2,26,26,28,28,26,26,24,26,26,28,26,26,26,28,26,28,28,28,28,28,28,28,26,28,28,28,28,28,26,24
880465,20,1.301029995664,51,5,1,0.633333333333,2,12,20.266666666667,18,1,2,0,2,0,0,0,0,2,0,1,2,0,1,0,0,0,0,1,0,1,2,0,2,0,0,0,0,2,0,18,18,18,22,22,22,22,22,22,18,18,18,18,20,22,22,22,22,20,18,18,18,18,22,22,22,22,22,22,18
880466,3000,3.477121254720,7095,5,0,1.033333333333,3,24,26.866666666667,31,0,1,2,1,1,1,0,2,0,1,1,1,2,1,1,1,1,3,0,0,1,1,3,1,1,1,1,0,1,1,28,28,28,24,26,26,28,28,28,28,28,26,26,26,28,26,28,26,28,28,28,28,24,26,24,26,26,26,28,28
880467,30,1.477121254720,61,5,0,0.466666666667,2,10,19.333333333333,24,0,1,0,0,1,0,2,0,0,0,0,2,0,0,1,0,1,0,0,1,0,2,0,0,0,0,2,0,0,1,20,20,20,20,18,18,18,20,20,20,20,20,18,18,20,20,20,20,20,18,18,18,20,20,20,20,20,18,18,20
880468,660,2.819543935542,1683,5,1,1.000000000000,2,20,24.466666666667,31,1,1,0,2,1,2,1,0,0,0,2,2,0,1,1,1,2,0,2,2,0,1,0,0,2,2,1,0,2,1,26,24,24,24,24,24,24,26,26,26,24,26,24,22,22,22,22,24,26,24,24,26,26,26,26,26,24,24,26,22
880469,15875,4.200713733964,32258,5,1,0.966666666667,3,23,25.266666666667,31,1,0,1,1,1,0,2,1,0,3,0,1,1,1,1,1,1,1,2,1,1,1,0,0,1,2,1,0,1,2,24,26,24,26,26,28,28,22,22,24,24,24,28,26,24,24,24,26,26,28,26,26,26,26,26,28,24,26,24,22
880470,10,1.000000000000,25,5,0,0.200000000000,1,6,26.000000000000,9,0,0,1,0,0,0,0,1,0,0,0,0,1,0,0,0,0,1,0,0,0,0,1,0,0,0,0,1,0,0,26,26,26,26,26,26,26,26,26,26,26,26,26,26,26,26,26,26,26,26,26,26,26,26,26,26,26,26,26,26
880471,725,2.860338006571,1748,5,1,0.966666666667,3,24,21.866666666667,31,1,1,0,1,0,3,1,1,1,1,1,0,2,1,0,1,0,1,2,1,1,1,1,1,1,0,1,1,2,1,22,24,26,24,24,22,20,18,22,24,22,22,22,22,22,24,22,22,22,18,18,18,20,22,22,22,24,24,20,22
880472,55,1.740362689494,118,5,0,0.500000000000,2,13,20.733333333333,28,0,1,0,1,0,1,0,0,2,1,0,0,0,1,1,0,0,1,1,0,0,0,1,2,0,1,0,0,1,0,18,20,20,18,20,20,18,18,22,22,24,24,24,24,22,20,20,22,22,22,22,22,20,20,18,18,20,20,22,20
880473,745,2.872156272748,1768,5,1,0.933333333333,2,20,26.466666666667,31,1,1,1,2,0,0,0,2,2,0,1,0,1,2,2,0,0,0,2,1,1,0,1,2,0,1,1,1,2,1,28,26,26,28,28,28,28,26,24,24,24,26,24,26,26,28,28,28,26,26,24,26,28,28,28,28,26,24,26,28
880474,2995,3.476396826725,7090,5,0,0.900000000000,3,20,27.600000000000,31,0,1,1,3,0,1,0,1,2,1,0,0,0,2,0,1,1,1,2,0,2,1,0,1,1,1,2,1,0,1,28,28,28,26,28,28,28,28,28,28,28,28,28,26,28,28,28,28,26,26,26,28,28,28,28,26,28,28,28,28
880475,7930,3.899273187318,16121,5,2,1.200000000000,4,20,25.666666666667,31,2,0,0,0,1,4,0,2,2,0,3,1,0,0,1,2,1,0,2,1,3,2,0,2,0,3,1,1,1,1,26,28,28,28,28,24,22,22,24,24,24,28,28,28,28,28,24,24,24,26,24,24,24,22,26,26,28,28,26,26
880476,80,1.903089986992,207,5,1,0.733333333333,2,20,21.733333333333,29,1,0,1,0,1,2,1,1,0,0,1,1,1,0,0,2,1,1,1,0,0,1,1,1,1,1,0,1,0,1,22,24,24,24,22,22,20,20,20,20,22,22,22,22,22,20,18,20,22,22,22,24,20,18,22,22,24,24,24,22
880477,135,2.130333768495,390,5,0,0.666666666667,2,16,23.200000000000,30,0,1,0,2,0,2,0,1,0,1,0,1,0,0,2,1,0,1,0,1,1,0,0,1,1,0,0,1,1,2,24,22,24,22,18,20,22,22,24,24,24,24,22,22,24,22,24,24,24,24,26,24,24,26,26,24,24,24,22,20
880478,1070,3.029383777685,3117,5,1,0.966666666667,3,20,27.066666666667,31,1,1,1,1,0,1,2,2,2,0,0,1,2,0,1,0,3,1,1,0,0,2,1,2,0,1,0,1,2,0,26,26,26,26,28,26,28,28,28,28,28,28,26,26,26,26,28,28,28,28,28,26,26,26,28,28,28,28,28,24
880479,530,2.724275869601,1553,5,1,0.533333333333,2,13,23.866666666667,29,1,0,1,0,0,1,0,2,0,0,0,2,1,1,0,0,2,1,0,0,1,1,0,0,0,0,1,1,0,0,24,24,24,24,24,22,22,22,24,24,24,24,24,24,22,22,24,26,24,24,24,24,24,24,24,24,24,24,26,26
880480,25,1.397940008672,56,5,0,0.733333333333,2,17,25.000000000000,24,0,1,0,1,2,0,1,0,0,2,0,1,0,1,2,0,1,1,1,0,0,0,1,1,2,0,1,0,1,2,26,24,24,24,24,24,26,26,26,26,24,24,24,24,24,24,26,26,26,26,26,26,26,26,26,26,24,24,24,24
880481,5775,3.761551988564,13966,5,0,1.066666666667,3,21,24.933333333333,31,0,1,2,1,0,1,1,1,2,0,0,2,0,2,0,3,0,1,1,1,2,3,0,1,1,1,2,0,1,2,26,26,26,24,26,26,26,26,26,24,24,24,26,22,24,22,26,24,26,24,24,22,24,24,28,28,28,24,22,26
880482,7445,3.871864702088,15636,5,2,1.066666666667,3,26,25.600000000000,31,2,1,1,1,1,1,1,2,1,1,1,0,2,0,1,1,0,1,1,2,1,1,3,1,0,1,1,1,1,1,24,26,24,26,26,24,24,24,24,26,28,26,26,26,26,26,26,26,26,24,22,24,28,28,26,26,26,26,26,28
880483,10645,4.027145665774,27028,5,1,1.233333333333,4,25,24.333333333333,31,1,4,1,1,2,0,1,0,1,1,0,4,1,1,1,1,3,1,2,1,0,1,2,1,1,2,1,1,1,0,24,24,22,22,26,26,26,28,28,24,24,26,22,22,22,22,20,22,24,24,26,26,26,24,22,24,24,26,26,28
880484,885,2.946943270698,1908,5,0,0.433333333333,2,12,22.066666666667,27,0,1,0,0,0,1,0,1,0,0,0,0,1,0,0,1,1,1,0,0,0,0,1,1,0,1,1,0,0,2,20,22,24,24,24,22,22,22,24,24,24,24,24,22,22,24,22,22,22,22,22,22,20,18,20,20,22,20,20,22
880485,175,2.243038048686,430,5,0,0.533333333333,2,13,22.466666666667,28,0,1,1,0,1,0,0,1,0,1,0,1,1,0,1,0,0,1,0,2,1,0,0,0,2,0,0,0,0,2,24,24,20,20,22,22,22,24,24,22,22,22,22,22,22,22,22,20,18,22,24,24,24,24,24,24,24,24,24,20
880486,2740,3.437750562820,6835,5,2,1.166666666667,3,21,25.866666666667,31,2,2,1,0,2,2,0,2,1,0,2,1,2,0,2,1,0,2,1,3,0,1,0,0,2,0,1,1,1,3,24,28,24,24,26,22,26,26,28,28,28,28,26,24,26,26,26,24,28,24,26,26,26,26,28,28,26,28,24,22
880487,40,1.602059991328,103,5,0,0.433333333333,2,10,25.266666666667,27,0,0,0,2,0,0,1,1,0,1,0,0,0,0,1,0,0,1,1,0,0,1,0,2,0,0,0,0,2,0,26,26,26,26,24,24,26,24,24,24,26,26,26,26,26,24,24,26,26,26,26,24,24,24,26,26,26,26,26,24
880488,1970,3.294466226162,4017,5,1,0.966666666667,3,21,26.466666666667,30,1,2,0,1,1,3,1,1,0,1,1,0,1,0,2,1,2,0,0,1,1,3,1,1,0,0,2,0,1,1,28,26,26,28,26,26,28,26,26,28,28,28,28,28,26,26,26,28,28,28,26,24,24,24,26,26,26,26,26,24
880489,2775,3.443262987459,6870,5,1,0.966666666667,2,19,25.666666666667,31,1,2,1,0,1,1,2,2,0,2,0,1,0,0,2,0,2,2,0,1,0,0,2,0,2,0,2,1,1,1,26,26,26,26,28,26,26,24,24,26,28,28,28,28,26,24,24,24,24,26,26,26,24,24,22,24,28,26,26,26
880490,2095,3.321184027302,6190,5,0,0.866666666667,2,17,25.733333333333,30,0,2,1,0,2,1,1,0,0,2,0,1,0,0,2,1,1,0,0,2,0,2,2,2,1,0,0,0,2,1,26,24,22,24,24,26,26,26,26,26,26,26,26,26,26,26,26,26,26,26,24,24,26,24,28,28,28,28,26,26
880491,12650,4.102090525512,29033,5,1,1.266666666667,3,26,24.000000000000,31,1,2,2,0,1,1,3,2,1,2,0,2,0,1,1,1,2,2,1,2,1,2,1,1,1,1,0,1,1,2,22,24,26,22,22,22,24,22,22,22,22,22,26,26,26,28,24,24,24,22,24,22,22,24,28,28,28,26,24,22
880492,485,2.685741738602,996,5,0,0.600000000000,2,15,25.066666666667,31,0,1,0,1,0,1,0,0,1,2,0,1,1,0,0,1,2,0,0,1,2,0,0,1,1,0,0,1,0,1,26,26,26,26,26,26,26,26,26,24,22,22,26,26,26,26,26,24,24,26,26,24,24,26,24,24,24,24,24,26
880493,35,1.544068044350,98,5,0,0.333333333333,1,10,23.466666666667,26,0,0,1,1,0,0,0,0,1,0,1,0,1,0,1,0,0,0,0,1,1,0,0,0,0,1,0,1,0,0,24,24,24,24,24,24,24,24,22,22,22,24,22,22,22,24,24,24,24,24,24,24,24,24,24,22,22,24,24,24
880494,4500,3.653212513775,12691,5,1,0.766666666667,2,19,23.933333333333,30,1,1,2,2,0,0,1,1,1,1,0,1,1,0,0,0,1,1,0,1,0,1,2,1,0,2,0,1,0,1,18,16,18,24,24,24,26,24,24,22,24,24,28,28,28,28,28,24,24,26,24,22,26,22,22,24,26,24,24,22
880495,29410,4.468495024507,62177,5,1,1.133333333333,3,23,24.666666666667,31,1,2,1,0,3,0,1,1,1,2,0,3,1,0,1,1,2,2,0,2,1,1,0,1,2,1,2,1,0,1,24,26,22,24,24,26,26,28,28,26,24,26,24,22,22,24,26,26,26,24,26,24,24,24,22,20,26,24,26,26
880496,2105,3.323252100172,6200,5,2,0.900000000000,2,20,23.800000000000,31,2,0,1,1,0,2,1,1,0,0,2,1,0,0,2,1,2,0,1,1,1,1,0,2,1,1,0,2,0,1,20,22,22,22,22,24,24,26,24,24,26,26,24,24,24,24,24,24,24,26,26,24,24,24,24,22,22,22,24,26
880497,16490,4.217220655645,49257,5,0,1.166666666667,4,18,25.533333333333,31,0,2,1,2,2,1,2,1,2,0,0,0,1,3,1,0,3,1,0,0,0,4,0,3,0,0,2,0,2,2,28,28,24,24,26,28,26,24,24,26,26,26,26,26,22,22,24,26,28,28,28,26,20,22,26,26,28,28,26,24
880498,75,1.875061263392,202,5,1,0.733333333333,2,19,23.466666666667,31,1,1,1,0,1,2,0,0,0,1,1,0,1,1,1,0,0,0,1,2,2,1,0,1,1,1,1,0,0,1,22,24,24,22,22,24,24,24,24,24,22,22,20,24,26,26,26,26,24,22,22,20,22,22,22,24,26,24,24,26
880499,35,1.544068044350,98,5,2,0.566666666667,2,12,22.200000000000,29,2,0,0,0,2,1,1,0,0,1,2,0,1,0,0,2,0,0,1,0,1,0,0,1,0,2,0,0,0,0,24,22,22,22,22,22,22,24,24,24,20,20,20,20,20,24,22,22,24,24,24,24,24,22,20,20,22,22,22,22
